movie_name,movie_rating,movie_cast
Avengers: Endgame,8.8,"Robert Downey Jr.,Chris Evans,Mark Ruffalo,Chris Hemsworth"
John Wick: Chapter 3 - Parabellum,8.1,"Keanu Reeves,Halle Berry,Ian McShane,Laurence Fishburne"
Pokémon Detective Pikachu,7.0,"Ryan Reynolds,Justice Smith,Kathryn Newton,Bill Nighy"
"Extremely Wicked, Shockingly Evil and Vile",6.7,"Lily Collins,Zac Efron,Angela Sarafyan,Sydney Vollmer"
Wine Country,5.5,"Amy Poehler,Rachel Dratch,Ana Gasteyer,Maya Rudolph"
It Chapter Two,,"James McAvoy,Jessica Chastain,Bill Skarsgård,Bill Hader"
Aladdin,7.4,"Will Smith,Mena Massoud,Naomi Scott,Marwan Kenzari"
Spider-Man: Far from Home,,"Zendaya,Tom Holland,Marisa Tomei,Jake Gyllenhaal"
Maleficent: Mistress of Evil,,"Angelina Jolie,Elle Fanning,Ed Skrein,Michelle Pfeiffer"
Angel Has Fallen,,"Gerard Butler,Lance Reddick,Piper Perabo,Morgan Freeman"
Brightburn,6.6,"Elizabeth Banks,David Denman,Jackson A. Dunn,Abraham Clinkscales"
Rocketman,7.7,"Taron Egerton,Jamie Bell,Richard Madden,Bryce Dallas Howard"
Student of the Year 2,2.1,"Tiger Shroff,Tara Sutaria,Ananya Panday,Aditya Seal"
Shazam!,7.5,"Zachary Levi,Mark Strong,Asher Angel,Jack Dylan Grazer"
Long Shot,7.2,"Charlize Theron,Seth Rogen,June Diane Raphael,O'Shea Jackson Jr."
John Wick,7.4,"Keanu Reeves,Michael Nyqvist,Alfie Allen,Willem Dafoe"
The Hustle,5.2,"Anne Hathaway,Rebel Wilson,Alex Sharp,Tim Blake Nelson"
Avengers: Infinity War,8.5,"Robert Downey Jr.,Chris Hemsworth,Mark Ruffalo,Chris Evans"
Midsommar,,"Florence Pugh,Will Poulter,Jack Reynor,William Jackson Harper"
Once Upon a Time ... in Hollywood,9.8,"Leonardo DiCaprio,Brad Pitt,Margot Robbie,Margaret Qualley"
Dark Phoenix,,"Sophie Turner,Jennifer Lawrence,James McAvoy,Jessica Chastain"
Captain Marvel,7.1,"Brie Larson,Samuel L. Jackson,Ben Mendelsohn,Jude Law"
John Wick: Chapter 2,7.5,"Keanu Reeves,Riccardo Scamarcio,Ian McShane,Ruby Rose"
Godzilla: King of the Monsters,,"Kyle Chandler,Vera Farmiga,Millie Bobby Brown,Ken Watanabe"
Tolkien,7.0,"Nicholas Hoult,Lily Collins,Colm Meaney,Derek Jacobi"
Cold Pursuit,6.2,"Liam Neeson,Laura Dern,Micheál Richardson,Michael Eklund"
It,7.4,"Bill Skarsgård,Jaeden Martell,Finn Wolfhard,Sophia Lillis"
Booksmart,7.5,"Kaitlyn Dever,Beanie Feldstein,Jessica Williams,Jason Sudeikis"
Fighting with My Family,7.3,"Dwayne Johnson,Lena Headey,Vince Vaughn,Florence Pugh"
Judy,,"Jessie Buckley,Renée Zellweger,Bella Ramsey,Rufus Sewell"
Greta,6.1,"Isabelle Huppert,Chloë Grace Moretz,Maika Monroe,Jane Perry"
The Dead Don't Die,6.0,"Bill Murray,Adam Driver,Alyssa Maria App,Carl Arcilesi"
The Professor,6.9,"Johnny Depp,Rosemarie DeWitt,Odessa Young,Danny Huston"
Pet Sematary,6.0,"Jason Clarke,Amy Seimetz,John Lithgow,Jeté Laurence"
Aquaman,7.1,"Jason Momoa,Amber Heard,Willem Dafoe,Patrick Wilson"
Glass,6.8,"James McAvoy,Bruce Willis,Samuel L. Jackson,Anya Taylor-Joy"
Thor: Ragnarok,7.9,"Chris Hemsworth,Tom Hiddleston,Cate Blanchett,Mark Ruffalo"
Ma,,"Octavia Spencer,Diana Silvers,Juliette Lewis,McKaley Miller"
John Carter,6.6,"Taylor Kitsch,Lynn Collins,Willem Dafoe,Samantha Morton"
Spider-Man: Into the Spider-Verse,8.5,"Shameik Moore,Jake Johnson,Hailee Steinfeld,Mahershala Ali"
A Dog's Journey,7.3,"Josh Gad,Dennis Quaid,Kathryn Prescott,Marg Helgenberger"
After,5.6,"Selma Blair,Jennifer Beals,Hero Fiennes Tiffin,Josephine Langford"
Sonic the Hedgehog,,"James Marsden,Jim Carrey,Neal McDonough,Ben Schwartz"
The Intruder,5.4,"Dennis Quaid,Meagan Good,Michael Ealy,Joseph Sikora"
BlacKkKlansman,7.5,"John David Washington,Adam Driver,Laura Harrier,Topher Grace"
Bond 25,,"Ana de Armas,Billy Magnussen,David Dencik,Rami Malek"
Terminator: Dark Fate,,"Mackenzie Davis,Linda Hamilton,Brett Azar,Arnold Schwarzenegger"
Thor,7.0,"Chris Hemsworth,Anthony Hopkins,Natalie Portman,Tom Hiddleston"
The Curse of La Llorona,5.7,"Linda Cardellini,Raymond Cruz,Patricia Velasquez,Marisol Ramirez"
Spider-Man: Homecoming,7.5,"Tom Holland,Michael Keaton,Robert Downey Jr.,Marisa Tomei"
Suspiria,6.8,"Chloë Grace Moretz,Tilda Swinton,Doris Hick,Malgorzata Bela"
Avengers: Age of Ultron,7.3,"Robert Downey Jr.,Chris Evans,Mark Ruffalo,Chris Hemsworth"
Rambo V: Last Blood,,"Sylvester Stallone,Paz Vega,Louis Mandylor,Sheila Shah"
The Last Summer,5.6,"K.J. Apa,Maia Mitchell,Norman Johnson Jr.,Jacob Latimore"
Bohemian Rhapsody,8.1,"Rami Malek,Lucy Boynton,Gwilym Lee,Ben Hardy"
The Wandering Earth,6.2,"Jing Wu,Chuxiao Qu,Guangjie Li,Man-Tat Ng"
Guardians of the Galaxy,8.1,"Chris Pratt,Vin Diesel,Bradley Cooper,Zoe Saldana"
The Avengers,8.1,"Robert Downey Jr.,Chris Evans,Scarlett Johansson,Jeremy Renner"
The Lion King,,"Seth Rogen,Donald Glover,Chiwetel Ejiofor,James Earl Jones"
The Batman,,Robert Pattinson
Crazy Rich Asians,7.0,"Constance Wu,Henry Golding,Michelle Yeoh,Gemma Chan"
Zombieland: Double Tap,,"Zoey Deutch,Emma Stone,Woody Harrelson,Abigail Breslin"
The Lego Movie 2: The Second Part,6.8,"Chris Pratt,Elizabeth Banks,Will Arnett,Tiffany Haddish"
The Meg,5.7,"Jason Statham,Bingbing Li,Rainn Wilson,Cliff Curtis"
The Mule,7.1,"Clint Eastwood,Patrick L. Reyes,Cesar De León,Gustavo Muñoz"
Captain America: The First Avenger,6.9,"Chris Evans,Hugo Weaving,Samuel L. Jackson,Hayley Atwell"
High Life,6.0,"Robert Pattinson,Juliette Binoche,André Benjamin,Mia Goth"
Night School,5.6,"Kevin Hart,Tiffany Haddish,Rob Riggle,Romany Malco"
Star Wars: The Rise of Skywalker,,"Billie Lourd,Adam Driver,Daisy Ridley,Lupita Nyong'o"
Poms,5.2,"Diane Keaton,Jacki Weaver,Celia Weston,Alisha Boe"
We Have Always Lived in the Castle,5.6,"Taissa Farmiga,Alexandra Daddario,Crispin Glover,Sebastian Stan"
The Sun Is Also a Star,5.6,"Yara Shahidi,Anais Lee,Charles Melton,John Leguizamo"
The Matrix,8.7,"Keanu Reeves,Laurence Fishburne,Carrie-Anne Moss,Hugo Weaving"
Men in Black: International,6.8,"Tessa Thompson,Chris Hemsworth,Rebecca Ferguson,Emma Thompson"
Deadpool 2,7.8,"Ryan Reynolds,Josh Brolin,Morena Baccarin,Julian Dennison"
Child's Play,,"Aubrey Plaza,Mark Hamill,Tim Matheson,Gabriel Bateman"
The Predator,5.4,"Boyd Holbrook,Trevante Rhodes,Jacob Tremblay,Keegan-Michael Key"
Green Book,8.3,"Viggo Mortensen,Mahershala Ali,Linda Cardellini,Sebastian Maniscalco"
Iron Man,7.9,"Robert Downey Jr.,Gwyneth Paltrow,Terrence Howard,Jeff Bridges"
Black Panther,7.3,"Chadwick Boseman,Michael B. Jordan,Lupita Nyong'o,Danai Gurira"
Toy Story 4,,"Keanu Reeves,Christina Hendricks,Tom Hanks,Patricia Arquette"
Life Like,5.2,"Addison Timlin,James D'Arcy,Steven Strait,Drew Van Acker"
Us,7.2,"Lupita Nyong'o,Winston Duke,Elisabeth Moss,Tim Heidecker"
Joker,,"Robert De Niro,Joaquin Phoenix,Zazie Beetz,Bryan Callen"
Maleficent,7.0,"Angelina Jolie,Elle Fanning,Sharlto Copley,Lesley Manville"
Captain America: Civil War,7.8,"Chris Evans,Robert Downey Jr.,Scarlett Johansson,Sebastian Stan"
Iron Sky: The Coming Race,5.1,"Lara Rossi,Vladimir Burlakov,Kit Dale,Julia Dietze"
Guardians of the Galaxy Vol. 2,7.7,"Chris Pratt,Zoe Saldana,Dave Bautista,Vin Diesel"
X-Men: Apocalypse,7.0,"James McAvoy,Michael Fassbender,Jennifer Lawrence,Nicholas Hoult"
Arctic,6.9,"Mads Mikkelsen,Maria Thelma Smáradóttir,Tintrinai Thikhasuk"
Hellboy,5.4,"David Harbour,Milla Jovovich,Ian McShane,Sasha Lane"
The Professor and the Madman,7.4,"Natalie Dormer,Mel Gibson,Sean Penn,Jennifer Ehle"
Snowpiercer,7.1,"Chris Evans,Jamie Bell,Tilda Swinton,Ed Harris"
See You Yesterday,4.9,"Eden Duncan-Smith,Dante Crichlow,Astro,Marsha Stephanie Blake"
Watchmen,7.6,"Jackie Earle Haley,Patrick Wilson,Carla Gugino,Malin Akerman"
Escape Room,6.4,"Taylor Russell,Logan Miller,Jay Ellis,Tyler Labine"
Hereditary,7.3,"Toni Collette,Milly Shapiro,Gabriel Byrne,Alex Wolff"
The Prodigy,5.9,"Taylor Schilling,Jackson Robert Scott,Peter Mooney,Colm Feore"
A Star Is Born,7.8,"Lady Gaga,Bradley Cooper,Sam Elliott,Greg Grunberg"
The Godfather,9.2,"Marlon Brando,Al Pacino,James Caan,Diane Keaton"
What Men Want,4.9,"Taraji P. Henson,Kristen Ledlow,Josh Brener,Kellan Lutz"
Ant-Man and the Wasp,7.1,"Paul Rudd,Evangeline Lilly,Michael Peña,Walton Goggins"
Solo: A Star Wars Story,7.0,"Alden Ehrenreich,Woody Harrelson,Emilia Clarke,Donald Glover"
The Secret Life of Pets 2,6.5,"Patton Oswalt,Kevin Hart,Harrison Ford,Eric Stonestreet"
Charlie's Angels,,"Naomi Scott,Elizabeth Banks,Kristen Stewart,Noah Centineo"
UglyDolls,4.5,"Kelly Clarkson,Nick Jonas,Janelle Monáe,Blake Shelton"
Polaroid,5.2,"Kathryn Prescott,Tyler Young,Samantha Logan,Keenan Tracey"
The Highwaymen,7.0,"Kevin Costner,Woody Harrelson,Kathy Bates,John Carroll Lynch"
The Incredible Hulk,6.7,"Edward Norton,Liv Tyler,Tim Roth,William Hurt"
Serenity,5.3,"Matthew McConaughey,Anne Hathaway,Diane Lane,Jason Clarke"
Bumblebee,6.9,"Hailee Steinfeld,Jorge Lendeborg Jr.,John Cena,Jason Drucker"
Loqueesha,1.1,"Jeremy Saville,Susan Diol,Tiara Parker,Dwayne Perkins"
Breakthrough,5.8,"Topher Grace,Josh Lucas,Chrissy Metz,Rebecca Staab"
Iron Man 3,7.2,"Robert Downey Jr.,Guy Pearce,Gwyneth Paltrow,Don Cheadle"
The Dirt,7.0,"Douglas Booth,Iwan Rheon,Daniel Webber,Machine Gun Kelly"
Someone Great,6.1,"Gina Rodriguez,LaKeith Stanfield,Brittany Snow,DeWanda Wise"
Captain America: The Winter Soldier,7.8,"Chris Evans,Samuel L. Jackson,Scarlett Johansson,Robert Redford"
The Shawshank Redemption,9.3,"Tim Robbins,Morgan Freeman,Bob Gunton,William Sadler"
Mary Poppins Returns,6.9,"Emily Blunt,Lin-Manuel Miranda,Ben Whishaw,Emily Mortimer"
Dragged Across Concrete,7.1,"Mel Gibson,Vince Vaughn,Tory Kittles,Michael Jai White"
Suicide Squad,6.1,"Will Smith,Jared Leto,Margot Robbie,Viola Davis"
Fast & Furious Presents: Hobbs & Shaw,,"Vanessa Kirby,Dwayne Johnson,Idris Elba,Eiza González"
Crawl,,"Kaya Scodelario,Barry Pepper,Ross Anderson,Anson Boon"
Thor: The Dark World,6.9,"Chris Hemsworth,Natalie Portman,Tom Hiddleston,Stellan Skarsgård"
Baywatch,5.6,"Dwayne Johnson,Zac Efron,Alexandra Daddario,Priyanka Chopra"
Avatar,7.8,"Sam Worthington,Zoe Saldana,Sigourney Weaver,Michelle Rodriguez"
Triple Frontier,6.5,"Ben Affleck,Oscar Isaac,Charlie Hunnam,Garrett Hedlund"
How to Train Your Dragon: The Hidden World,7.6,"Jay Baruchel,America Ferrera,F. Murray Abraham,Cate Blanchett"
The Favourite,7.6,"Olivia Colman,Emma Stone,Rachel Weisz,Nicholas Hoult"
Pulp Fiction,8.9,"John Travolta,Uma Thurman,Samuel L. Jackson,Bruce Willis"
The Dark Knight,9.0,"Christian Bale,Heath Ledger,Aaron Eckhart,Michael Caine"
The Greatest Showman,7.6,"Hugh Jackman,Michelle Williams,Zac Efron,Zendaya"
Split,7.3,"James McAvoy,Anya Taylor-Joy,Haley Lu Richardson,Jessica Sula"
The Silence,5.2,"Stanley Tucci,Kiernan Shipka,Miranda Otto,Kate Trotter"
Venom,6.7,"Tom Hardy,Michelle Williams,Riz Ahmed,Scott Haze"
Alita: Battle Angel,7.5,"Rosa Salazar,Christoph Waltz,Jennifer Connelly,Mahershala Ali"
Get Out,7.7,"Daniel Kaluuya,Allison Williams,Bradley Whitford,Catherine Keener"
Happy Death Day 2U,6.3,"Jessica Rothe,Israel Broussard,Phi Vu,Suraj Sharma"
Justice League,6.5,"Ben Affleck,Gal Gadot,Jason Momoa,Ezra Miller"
Iron Man 2,7.0,"Robert Downey Jr.,Mickey Rourke,Gwyneth Paltrow,Don Cheadle"
The Upside,6.7,"Kevin Hart,Bryan Cranston,Nicole Kidman,Aja Naomi King"
Mid90s,7.4,"Sunny Suljic,Katherine Waterston,Lucas Hedges,Na-kel Smith"
Ocean's Eight,6.2,"Sandra Bullock,Cate Blanchett,Anne Hathaway,Mindy Kaling"
X-Men Origins: Wolverine,6.6,"Hugh Jackman,Liev Schreiber,Ryan Reynolds,Danny Huston"
Mamma Mia! Here We Go Again,6.8,"Lily James,Amanda Seyfried,Meryl Streep,Cher"
Isn't It Romantic,5.9,"Rebel Wilson,Liam Hemsworth,Adam Devine,Priyanka Chopra"
Maharshi,8.1,"Mahesh Babu,Pooja Hegde,Allari Naresh,Rajsekhar Aningi"
The Irishman,,"Stephen Graham,Robert De Niro,Al Pacino,Anna Paquin"
American Honey,7.0,"Sasha Lane,Shia LaBeouf,Riley Keough,McCaul Lombardi"
Doctor Strange,7.5,"Benedict Cumberbatch,Chiwetel Ejiofor,Rachel McAdams,Benedict Wong"
Fantastic Beasts: The Crimes of Grindelwald,6.7,"Eddie Redmayne,Katherine Waterston,Dan Fogler,Johnny Depp"
The Lord of the Rings: The Fellowship of the Ring,8.8,"Elijah Wood,Ian McKellen,Orlando Bloom,Sean Bean"
Yesterday,6.5,"Himesh Patel,Lily James,Sophia Di Martino,Ellise Chappell"
Ready Player One,7.5,"Tye Sheridan,Olivia Cooke,Ben Mendelsohn,Lena Waithe"
Mortal Engines,6.1,"Hera Hilmar,Robert Sheehan,Hugo Weaving,Jihae"
Guardians of the Galaxy Vol. 3,,"Elizabeth Debicki,Chris Pratt,Pom Klementieff,Dave Bautista"
The Secret Life of Pets,6.5,"Louis C.K.,Eric Stonestreet,Kevin Hart,Lake Bell"
Jurassic World: Fallen Kingdom,6.2,"Chris Pratt,Bryce Dallas Howard,Rafe Spall,Justice Smith"
Vice,7.2,"Christian Bale,Amy Adams,Steve Carell,Sam Rockwell"
A Quiet Place,7.6,"Emily Blunt,John Krasinski,Millicent Simmonds,Noah Jupe"
Interstellar,8.6,"Matthew McConaughey,Anne Hathaway,Jessica Chastain,Mackenzie Foy"
The Girl on the Train,6.5,"Emily Blunt,Haley Bennett,Rebecca Ferguson,Justin Theroux"
Harry Potter and the Sorcerer's Stone,7.6,"Daniel Radcliffe,Rupert Grint,Richard Harris,Maggie Smith"
Mission: Impossible - Fallout,7.8,"Tom Cruise,Henry Cavill,Ving Rhames,Simon Pegg"
Jojo Rabbit,,"Roman Griffin Davis,Thomasin McKenzie,Taika Waititi,Sam Rockwell"
Love,6.1,"Aomi Muyock,Karl Glusman,Klara Kristin,Juan Saavedra"
Bad Times at the El Royale,7.1,"Jeff Bridges,Cynthia Erivo,Dakota Johnson,Jon Hamm"
Tombstone,7.8,"Kurt Russell,Val Kilmer,Sam Elliott,Bill Paxton"
Under the Silver Lake,6.4,"Andrew Garfield,Riley Keough,Topher Grace,Callie Hernandez"
Inception,8.8,"Leonardo DiCaprio,Joseph Gordon-Levitt,Ellen Page,Ken Watanabe"
Charlie Says,5.7,"Hannah Murray,Suki Waterhouse,Annabeth Gish,Sosie Bacon"
300,7.7,"Gerard Butler,Lena Headey,David Wenham,Dominic West"
Titanic,7.8,"Leonardo DiCaprio,Kate Winslet,Billy Zane,Kathy Bates"
Wonder Woman,7.5,"Gal Gadot,Chris Pine,Robin Wright,Lucy Davis"
Austin Powers: International Man of Mystery,7.0,"Mike Myers,Elizabeth Hurley,Michael York,Mimi Rogers"
Mad Max: Fury Road,8.1,"Tom Hardy,Charlize Theron,Nicholas Hoult,Zoë Kravitz"
Batman v Superman: Dawn of Justice,6.5,"Ben Affleck,Henry Cavill,Amy Adams,Jesse Eisenberg"
Aniara,6.7,"Emelie Jonsson,Bianca Cruzeiro,Arvin Kananian,Anneli Martini"
Instant Family,7.4,"Mark Wahlberg,Rose Byrne,Isabela Moner,Gustavo Escobar"
Godzilla vs. Kong,,"Millie Bobby Brown,Alexander Skarsgård,Lance Reddick,Eiza González"
Passengers,7.0,"Jennifer Lawrence,Chris Pratt,Michael Sheen,Laurence Fishburne"
The Souvenir,7.2,"Neil Young,Tosin Cole,Jack McMullen,Tilda Swinton"
About Time,7.8,"Domhnall Gleeson,Rachel McAdams,Bill Nighy,Lydia Wilson"
Ant-Man,7.3,"Paul Rudd,Michael Douglas,Corey Stoll,Evangeline Lilly"
Olympus Has Fallen,6.5,"Gerard Butler,Aaron Eckhart,Morgan Freeman,Angela Bassett"
Polar,6.3,"Mads Mikkelsen,Vanessa Hudgens,Katheryn Winnick,Fei Ren"
Zombieland,7.6,"Jesse Eisenberg,Emma Stone,Woody Harrelson,Abigail Breslin"
Me Before You,7.4,"Emilia Clarke,Sam Claflin,Janet McTeer,Charles Dance"
Destroyer,6.2,"Nicole Kidman,Toby Kebbell,Tatiana Maslany,Sebastian Stan"
The Goonies,7.8,"Sean Astin,Josh Brolin,Jeff Cohen,Corey Feldman"
Star Wars: The Last Jedi,7.2,"Daisy Ridley,John Boyega,Mark Hamill,Carrie Fisher"
Overlord,6.7,"Jovan Adepo,Wyatt Russell,Mathilde Ollivier,Pilou Asbæk"
Robin Hood,5.3,"Taron Egerton,Jamie Foxx,Ben Mendelsohn,Eve Hewson"
Not Another Teen Movie,5.7,"Chyler Leigh,Jaime Pressly,Chris Evans,Eric Christian Olsen"
Jumanji: Welcome to the Jungle,7.0,"Dwayne Johnson,Karen Gillan,Kevin Hart,Jack Black"
Dune,,"Stellan Skarsgård,Zendaya,Jason Momoa,Josh Brolin"
Zodiac,7.7,"Jake Gyllenhaal,Robert Downey Jr.,Mark Ruffalo,Anthony Edwards"
Blade Runner 2049,8.0,"Harrison Ford,Ryan Gosling,Ana de Armas,Dave Bautista"
Dumbo,6.6,"Colin Farrell,Michael Keaton,Danny DeVito,Eva Green"
Baby Driver,7.6,"Ansel Elgort,Jon Bernthal,Jon Hamm,Eiza González"
Replicas,5.4,"Keanu Reeves,Alice Eve,Thomas Middleditch,John Ortiz"
The New Mutants,,"Maisie Williams,Anya Taylor-Joy,Alice Braga,Antonio Banderas"
The Hateful Eight,7.8,"Samuel L. Jackson,Kurt Russell,Jennifer Jason Leigh,Walton Goggins"
Deadpool,8.0,"Ryan Reynolds,Morena Baccarin,T.J. Miller,Ed Skrein"
Aladdin,8.0,"Scott Weinger,Robin Williams,Linda Larkin,Jonathan Freeman"
Good Sam,5.6,"Tiya Sircar,Chad Connell,Marco Grazzini,Jesse Camacho"
Forrest Gump,8.8,"Tom Hanks,Robin Wright,Gary Sinise,Sally Field"
Good Time,7.3,"Robert Pattinson,Benny Safdie,Jennifer Jason Leigh,Buddy Duress"
Kingsman: The Secret Service,7.7,"Colin Firth,Taron Egerton,Samuel L. Jackson,Michael Caine"
Pet Sematary,6.6,"Dale Midkiff,Denise Crosby,Fred Gwynne,Brad Greenquist"
Five Feet Apart,7.1,"Haley Lu Richardson,Cole Sprouse,Moises Arias,Kimberly Hebert Gregory"
Miss Bala,5.5,"Gina Rodriguez,Thomas Dekker,Vivian Chan,Barbarella Pardo"
Black Widow,,"Scarlett Johansson,Florence Pugh,Rachel Weisz,David Harbour"
Mean Girls,7.0,"Lindsay Lohan,Jonathan Bennett,Rachel McAdams,Tina Fey"
Adrift,6.6,"Shailene Woodley,Sam Claflin,Jeffrey Thomas,Elizabeth Hawthorne"
White Boy Rick,6.4,"Matthew McConaughey,Richie Merritt,Bel Powley,Jennifer Jason Leigh"
The Lion King,8.5,"Matthew Broderick,Jeremy Irons,James Earl Jones,Whoopi Goldberg"
Shadow,7.0,"Chao Deng,Li Sun,Ryan Zheng,Qianyuan Wang"
A Simple Favor,6.9,"Anna Kendrick,Blake Lively,Henry Golding,Andrew Rannells"
Annihilation,6.9,"Natalie Portman,Jennifer Jason Leigh,Tessa Thompson,Benedict Wong"
A Dog's Purpose,7.1,"Josh Gad,Dennis Quaid,Peggy Lipton,Bryce Gheisar"
Inglourious Basterds,8.3,"Brad Pitt,Diane Kruger,Eli Roth,Mélanie Laurent"
X-Men: Days of Future Past,8.0,"Patrick Stewart,Ian McKellen,Hugh Jackman,James McAvoy"
The Silence of the Lambs,8.6,"Jodie Foster,Anthony Hopkins,Lawrence A. Bonney,Kasi Lemmons"
The Wolf of Wall Street,8.2,"Leonardo DiCaprio,Jonah Hill,Margot Robbie,Matthew McConaughey"
The Ballad of Buster Scruggs,7.3,"Tim Blake Nelson,Willie Watson,Clancy Brown,Danny McCarthy"
Ophelia,6.8,"Daisy Ridley,Naomi Watts,George MacKay,Clive Owen"
Mary Queen of Scots,6.3,"Saoirse Ronan,Margot Robbie,Jack Lowden,Joe Alwyn"
Mother's Day,5.7,"Jennifer Aniston,Kate Hudson,Julia Roberts,Jason Sudeikis"
Scott Pilgrim vs. the World,7.5,"Michael Cera,Mary Elizabeth Winstead,Kieran Culkin,Anna Kendrick"
London Has Fallen,5.9,"Gerard Butler,Aaron Eckhart,Morgan Freeman,Angela Bassett"
The Dark Knight Rises,8.4,"Christian Bale,Tom Hardy,Anne Hathaway,Gary Oldman"
Eyes Wide Shut,7.4,"Tom Cruise,Nicole Kidman,Todd Field,Sydney Pollack"
Incredibles 2,7.7,"Craig T. Nelson,Holly Hunter,Sarah Vowell,Huck Milner"
Spider-Man,7.3,"Tobey Maguire,Kirsten Dunst,Willem Dafoe,James Franco"
Birds of Prey (And the Fantabulous Emancipation of One Harley Quinn),,"Margot Robbie,Mary Elizabeth Winstead,Ewan McGregor,Ali Wong"
Logan,8.1,"Hugh Jackman,Patrick Stewart,Dafne Keen,Boyd Holbrook"
Prospect,6.1,"Sophie Thatcher,Jay Duplass,Pedro Pascal,Luke Pitzrick"
The Poison Rose,4.3,"Brendan Fraser,Famke Janssen,John Travolta,Ella Bleu Travolta"
Cinderella,6.9,"Lily James,Cate Blanchett,Richard Madden,Helena Bonham Carter"
Full Metal Jacket,8.3,"Matthew Modine,R. Lee Ermey,Vincent D'Onofrio,Adam Baldwin"
The Shining,8.4,"Jack Nicholson,Shelley Duvall,Danny Lloyd,Scatman Crothers"
Knock Knock,4.9,"Keanu Reeves,Lorenza Izzo,Ana de Armas,Aaron Burns"
Bird Box,6.6,"Sandra Bullock,Trevante Rhodes,John Malkovich,Sarah Paulson"
Fight Club,8.8,"Brad Pitt,Edward Norton,Meat Loaf,Zach Grenier"
The Matrix Reloaded,7.2,"Keanu Reeves,Laurence Fishburne,Carrie-Anne Moss,Hugo Weaving"
Wedding Crashers,7.0,"Owen Wilson,Vince Vaughn,Rachel McAdams,Christopher Walken"
Gone Girl,8.1,"Ben Affleck,Rosamund Pike,Neil Patrick Harris,Tyler Perry"
The Perfect Date,5.9,"Noah Centineo,Laura Marano,Odiseas Georgiadis,Camila Mendes"
Godzilla,6.4,"Aaron Taylor-Johnson,Elizabeth Olsen,Bryan Cranston,Ken Watanabe"
Annabelle Comes Home,,"Vera Farmiga,Patrick Wilson,Mckenna Grace,Madison Iseman"
Twilight,5.2,"Kristen Stewart,Robert Pattinson,Billy Burke,Sarah Clarke"
Tenet,,"Robert Pattinson,Elizabeth Debicki,Aaron Taylor-Johnson,John David Washington"
Anna,,"Sasha Luss,Helen Mirren,Luke Evans,Cillian Murphy"
Mulan,,"Yifei Liu,Donnie Yen,Li Gong,Jet Li"
The Great Gatsby,7.3,"Leonardo DiCaprio,Carey Mulligan,Joel Edgerton,Tobey Maguire"
Terminator Genisys,6.4,"Arnold Schwarzenegger,Jason Clarke,Emilia Clarke,Jai Courtney"
Shaft,,"Samuel L. Jackson,Alexandra Shipp,Avan Jogia,Regina Hall"
The Punisher,6.5,"Thomas Jane,John Travolta,Samantha Mathis,Laura Harring"
The Beach Bum,6.2,"Matthew McConaughey,Snoop Dogg,Isla Fisher,Stefania LaVie Owen"
Call Me by Your Name,7.9,"Armie Hammer,Timothée Chalamet,Michael Stuhlbarg,Amira Casar"
Tag,6.6,"Jeremy Renner,Ed Helms,Jake Johnson,Jon Hamm"
Widows,7.0,"Viola Davis,Michelle Rodriguez,Elizabeth Debicki"
Fast & Furious 9,,"Vin Diesel,Michelle Rodriguez,Jordana Brewster,Lucas Black"
The Nun,5.4,"Demián Bichir,Taissa Farmiga,Jonas Bloquet,Bonnie Aarons"
Jurassic Park,8.1,"Sam Neill,Laura Dern,Jeff Goldblum,Richard Attenborough"
The Karate Kid,7.2,"Ralph Macchio,Pat Morita,Elisabeth Shue,Martin Kove"
Schindler's List,8.9,"Liam Neeson,Ralph Fiennes,Ben Kingsley,Caroline Goodall"
Action Point,5.0,"Johnny Knoxville,Eleanor Worthington-Cox,Chris Pontius,Dan Bakkedahl"
Back to the Future,8.5,"Michael J. Fox,Christopher Lloyd,Lea Thompson,Crispin Glover"
What We Do in the Shadows,7.7,"Jemaine Clement,Taika Waititi,Cori Gonzalez-Macuer,Jonny Brugh"
Fifty Shades of Grey,4.1,"Dakota Johnson,Jamie Dornan,Jennifer Ehle,Eloise Mumford"
Creed II,7.2,"Michael B. Jordan,Sylvester Stallone,Tessa Thompson,Phylicia Rashad"
Gemini Man,,"Will Smith,Mary Elizabeth Winstead,Clive Owen,Benedict Wong"
Unbreakable,7.3,"Bruce Willis,Samuel L. Jackson,Robin Wright,Spencer Treat Clark"
The Lord of the Rings: The Return of the King,8.9,"Elijah Wood,Viggo Mortensen,Ian McKellen,Orlando Bloom"
Trial by Fire,6.2,"Laura Dern,Jack O'Connell,Emily Meade,Jade Pettyjohn"
Troy,7.2,"Brad Pitt,Eric Bana,Orlando Bloom,Julian Glover"
The Cat in the Hat,3.9,"Mike Myers,Spencer Breslin,Dakota Fanning,Alec Baldwin"
On the Basis of Sex,6.8,"Felicity Jones,Armie Hammer,Justin Theroux,Sam Waterston"
The Prestige,8.5,"Christian Bale,Hugh Jackman,Scarlett Johansson,Michael Caine"
Lucifer,7.7,"Mohanlal,Vivek Oberoi,Manju Warrier,Tovino Thomas"
The Big Lebowski,8.1,"Jeff Bridges,John Goodman,Julianne Moore,Steve Buscemi"
Dune,6.6,"Kyle MacLachlan,Virginia Madsen,Francesca Annis,Leonardo Cimino"
Above Suspicion,,"Emilia Clarke,Thora Birch,Karl Glusman,Jack Huston"
The Equalizer 2,6.7,"Denzel Washington,Pedro Pascal,Ashton Sanders,Orson Bean"
"Three Billboards Outside Ebbing, Missouri",8.2,"Frances McDormand,Woody Harrelson,Sam Rockwell,Caleb Landry Jones"
Game Night,7.0,"Jason Bateman,Rachel McAdams,Kyle Chandler,Sharon Horgan"
Room,8.2,"Brie Larson,Jacob Tremblay,Sean Bridgers,Wendy Crewson"
The Princess Bride,8.1,"Cary Elwes,Mandy Patinkin,Robin Wright,Chris Sarandon"
Blockers,6.2,"Leslie Mann,John Cena,Ike Barinholtz,Kathryn Newton"
De De Pyaar De,7.2,"Ajay Devgn,Tabu,Rakul Preet Singh,Jimmy Sheirgill"
The Hunger Games,7.2,"Jennifer Lawrence,Josh Hutcherson,Liam Hemsworth,Stanley Tucci"
Hotel Mumbai,7.8,"Dev Patel,Armie Hammer,Nazanin Boniadi,Anupam Kher"
Sing,7.1,"Matthew McConaughey,Reese Witherspoon,Seth MacFarlane,Scarlett Johansson"
The Outsiders,7.2,"C. Thomas Howell,Matt Dillon,Ralph Macchio,Patrick Swayze"
Avatar 2,,"Zoe Saldana,Vin Diesel,Oona Chaplin,Jemaine Clement"
Ralph Breaks the Internet,7.1,"John C. Reilly,Sarah Silverman,Gal Gadot,Taraji P. Henson"
The Equalizer,7.2,"Denzel Washington,Marton Csokas,Chloë Grace Moretz,David Harbour"
Man of Steel,7.1,"Henry Cavill,Amy Adams,Michael Shannon,Diane Lane"
The Godfather: Part II,9.0,"Al Pacino,Robert De Niro,Robert Duvall,Diane Keaton"
Apocalypse Now,8.5,"Martin Sheen,Marlon Brando,Robert Duvall,Frederic Forrest"
The Mummy,7.0,"Brendan Fraser,Rachel Weisz,John Hannah,Arnold Vosloo"
Always Be My Maybe,,"Keanu Reeves,Ali Wong,Miya Cech,Randall Park"
Catch-22,7.2,"Alan Arkin,Martin Balsam,Richard Benjamin,Art Garfunkel"
Mortal Kombat,5.8,"Christopher Lambert,Robin Shou,Linden Ashby,Cary-Hiroyuki Tagawa"
Goodfellas,8.7,"Robert De Niro,Ray Liotta,Joe Pesci,Lorraine Bracco"
Alien,8.5,"Sigourney Weaver,Tom Skerritt,John Hurt,Veronica Cartwright"
Rim of the World,5.1,"Jack Gore,Miya Cech,Benjamin Flores Jr.,Alessio Scalzotto"
First Man,7.4,"Ryan Gosling,Claire Foy,Jason Clarke,Kyle Chandler"
Skyfall,7.8,"Daniel Craig,Javier Bardem,Naomie Harris,Judi Dench"
World War Z,7.0,"Brad Pitt,Mireille Enos,Daniella Kertesz,James Badge Dale"
A Violent Separation,5.4,"Alycia Debnam-Carey,Brenton Thwaites,Ted Levine,Claire Holt"
Legally Blonde,6.3,"Reese Witherspoon,Luke Wilson,Selma Blair,Matthew Davis"
Pirates of the Caribbean: Dead Men Tell No Tales,6.6,"Johnny Depp,Geoffrey Rush,Javier Bardem,Orlando Bloom"
The Martian,8.0,"Matt Damon,Jessica Chastain,Kristen Wiig,Kate Mara"
Bill & Ted Face the Music,,"Keanu Reeves,Alex Winter"
Sicario: Day of the Soldado,7.1,"Benicio Del Toro,Josh Brolin,Isabela Moner,Jeffrey Donovan"
The Clovehitch Killer,6.5,"Dylan McDermott,Charlie Plummer,Samantha Mathis,Madisen Beaty"
Gladiator,8.5,"Russell Crowe,Joaquin Phoenix,Connie Nielsen,Oliver Reed"
A Clockwork Orange,8.3,"Malcolm McDowell,Patrick Magee,Michael Bates,Warren Clarke"
Kong: Skull Island,6.6,"Tom Hiddleston,Samuel L. Jackson,Brie Larson,John C. Reilly"
Her Smell,6.2,"Elisabeth Moss,Angel Christian Roman,Cara Delevingne,Dan Stevens"
Movie 43,4.3,"Emma Stone,Stephen Merchant,Richard Gere,Liev Schreiber"
Burning,7.6,"Ah-in Yoo,Steven Yeun,Jong-seo Jun,Soo-Kyung Kim"
The Shape of Water,7.3,"Sally Hawkins,Octavia Spencer,Michael Shannon,Doug Jones"
X-Men,7.4,"Patrick Stewart,Hugh Jackman,Ian McKellen,Famke Janssen"
Never Grow Old,5.7,"John Cusack,Emile Hirsch,Déborah François,Danny Webb"
Signs,6.7,"Mel Gibson,Joaquin Phoenix,Rory Culkin,Abigail Breslin"
The Magnificent Seven,6.9,"Denzel Washington,Chris Pratt,Ethan Hawke,Vincent D'Onofrio"
Top Gun,6.9,"Tom Cruise,Tim Robbins,Kelly McGillis,Val Kilmer"
Hulk,5.6,"Eric Bana,Jennifer Connelly,Sam Elliott,Josh Lucas"
The Departed,8.5,"Leonardo DiCaprio,Matt Damon,Jack Nicholson,Mark Wahlberg"
Transformers,7.1,"Shia LaBeouf,Megan Fox,Josh Duhamel,Tyrese Gibson"
The Tomorrow Man,5.6,"John Lithgow,Blythe Danner,Derek Cecil,Katie Aselton"
Overboard,5.9,"Eugenio Derbez,Anna Faris,Eva Longoria,John Hannah"
Holmes & Watson,3.8,"Will Ferrell,John C. Reilly,Ralph Fiennes,Rebecca Hall"
Pillow Talk,7.5,"Rock Hudson,Doris Day,Tony Randall,Thelma Ritter"
Transformers: The Last Knight,5.2,"Mark Wahlberg,Anthony Hopkins,Josh Duhamel,Laura Haddock"
Shot Caller,7.3,"Nikolaj Coster-Waldau,Omari Hardwick,Lake Bell,Jon Bernthal"
Mother!,6.6,"Jennifer Lawrence,Javier Bardem,Ed Harris,Michelle Pfeiffer"
The Sandlot,7.8,"Tom Guiry,Mike Vitar,Art LaFleur,Patrick Renna"
Oblivion,7.0,"Tom Cruise,Morgan Freeman,Andrea Riseborough,Olga Kurylenko"
Star Wars: Episode IV - A New Hope,8.6,"Mark Hamill,Harrison Ford,Carrie Fisher,Alec Guinness"
Little Women,,"Florence Pugh,Emma Watson,Saoirse Ronan,Timothée Chalamet"
Pitch Perfect,7.2,"Anna Kendrick,Brittany Snow,Rebel Wilson,Anna Camp"
The Imitation Game,8.0,"Benedict Cumberbatch,Keira Knightley,Matthew Goode,Allen Leech"
Django Unchained,8.4,"Jamie Foxx,Christoph Waltz,Leonardo DiCaprio,Kerry Washington"
Ferris Bueller's Day Off,7.8,"Matthew Broderick,Alan Ruck,Mia Sara,Jeffrey Jones"
Kingsman: The Golden Circle,6.8,"Taron Egerton,Colin Firth,Mark Strong,Channing Tatum"
The Crow,7.6,"Brandon Lee,Michael Wincott,Rochelle Davis,Ernie Hudson"
The Parent Trap,6.5,"Lindsay Lohan,Dennis Quaid,Natasha Richardson,Elaine Hendrix"
The Sisters Brothers,7.0,"John C. Reilly,Joaquin Phoenix,Jake Gyllenhaal,Riz Ahmed"
Late Night,5.4,"Emma Thompson,Mindy Kaling,John Lithgow,Hugh Dancy"
The Voyage of Doctor Dolittle,,"Jessie Buckley,Robert Downey Jr.,Tom Holland,Emma Thompson"
Dunkirk,7.9,"Fionn Whitehead,Barry Keoghan,Mark Rylance,Tom Hardy"
xXx: Return of Xander Cage,5.2,"Vin Diesel,Donnie Yen,Deepika Padukone,Kris Wu"
Red Joan,6.3,"Judi Dench,Sophie Cookson,Stephen Campbell Moore,Tom Hughes"
Les Misérables,7.6,"Hugh Jackman,Russell Crowe,Anne Hathaway,Amanda Seyfried"
X-Men: First Class,7.7,"James McAvoy,Michael Fassbender,Jennifer Lawrence,Kevin Bacon"
Despite Everything,5.3,"Blanca Suárez,Macarena García,Amaia Salamanca,Belén Cuesta"
Red Sparrow,6.6,"Jennifer Lawrence,Joel Edgerton,Matthias Schoenaerts,Charlotte Rampling"
Christopher Robin,7.3,"Ewan McGregor,Hayley Atwell,Bronte Carmichael,Mark Gatiss"
Léon: The Professional,8.6,"Jean Reno,Gary Oldman,Natalie Portman,Danny Aiello"
Scooby-Doo,5.0,"Matthew Lillard,Freddie Prinze Jr.,Sarah Michelle Gellar,Linda Cardellini"
Book Club,6.1,"Diane Keaton,Jane Fonda,Candice Bergen,Mary Steenburgen"
The Eternals,,"Richard Madden,Angelina Jolie,Kumail Nanjiani,Dong-seok Ma"
Green Lantern,5.5,"Ryan Reynolds,Blake Lively,Peter Sarsgaard,Mark Strong"
The Kid Who Would Be King,6.0,"Louis Ashbourne Serkis,Denise Gough,Dean Chaumoo,Tom Taylor"
Her,8.0,"Joaquin Phoenix,Amy Adams,Scarlett Johansson,Rooney Mara"
Untitled Jumanji: Welcome to the Jungle Sequel,,"Karen Gillan,Dwayne Johnson,Awkwafina,Kevin Hart"
Climax,7.2,"Sofia Boutella,Romain Guillermic,Souheila Yacoub,Kiddy Smile"
The Goldfinch,,"Nicole Kidman,Sarah Paulson,Finn Wolfhard,Ansel Elgort"
Austin Powers: The Spy Who Shagged Me,6.6,"Mike Myers,Heather Graham,Michael York,Robert Wagner"
21 Jump Street,7.2,"Jonah Hill,Channing Tatum,Ice Cube,Brie Larson"
Moneyball,7.6,"Brad Pitt,Robin Wright,Jonah Hill,Philip Seymour Hoffman"
Se7en,8.6,"Morgan Freeman,Brad Pitt,Kevin Spacey,Andrew Kevin Walker"
Black Hawk Down,7.7,"Josh Hartnett,Ewan McGregor,Tom Sizemore,Eric Bana"
The Lighthouse,9.5,"Robert Pattinson,Willem Dafoe"
Dumplin',6.7,"Danielle Macdonald,Jennifer Aniston,Odeya Rush,Maddie Baillio"
Beauty and the Beast,7.2,"Emma Watson,Dan Stevens,Luke Evans,Josh Gad"
The Kissing Booth,6.2,"Joey King,Jacob Elordi,Joel Courtney,Megan du Plessis"
Gosford Park,7.3,"Maggie Smith,Ryan Phillippe,Michael Gambon,Kristin Scott Thomas"
Downton Abbey,,"Tuppence Middleton,Michelle Dockery,Allen Leech,Maggie Smith"
Harry Potter and the Deathly Hallows: Part 2,8.1,"Daniel Radcliffe,Emma Watson,Rupert Grint,Michael Gambon"
Mercy,5.6,"Ellen Page,Kate Mara,Amy Seimetz,Elias Koteas"
Just Go with It,6.4,"Adam Sandler,Jennifer Aniston,Brooklyn Decker,Nicole Kidman"
The Breakfast Club,7.9,"Emilio Estevez,Judd Nelson,Molly Ringwald,Ally Sheedy"
No Country for Old Men,8.1,"Tommy Lee Jones,Javier Bardem,Josh Brolin,Woody Harrelson"
Dazed and Confused,7.7,"Jason London,Wiley Wiggins,Matthew McConaughey,Rory Cochrane"
Mary Poppins,7.8,"Julie Andrews,Dick Van Dyke,David Tomlinson,Glynis Johns"
Sixteen Candles,7.1,"Molly Ringwald,Anthony Michael Hall,Justin Henry,Michael Schoeffling"
Batman: Hush,,"Peyton List,Rebecca Romijn,Peyton List,Jennifer Morrison"
Birds of Passage,7.8,"Carmiña Martínez,José Acosta,Natalia Reyes,Jhon Narváez"
Goosebumps 2: Haunted Halloween,5.6,"Wendi McLendon-Covey,Madison Iseman,Jeremy Ray Taylor,Caleel Harris"
Remember the Titans,7.8,"Denzel Washington,Will Patton,Wood Harris,Ryan Hurst"
A Dog's Way Home,6.7,"Ashley Judd,Jonah Hauer-King,Edward James Olmos,Alexandra Shipp"
Tomb Raider,6.3,"Alicia Vikander,Dominic West,Walton Goggins,Daniel Wu"
The Farewell,7.0,"Awkwafina,Tzi Ma,Gil Perez-Abraham,Diana Lin"
Dora and the Lost City of Gold,,"Isabela Moner,Benicio Del Toro,Eva Longoria,Danny Trejo"
Batman Begins,8.2,"Christian Bale,Michael Caine,Ken Watanabe,Liam Neeson"
The Hole in the Ground,5.7,"Seána Kerslake,James Quinn Markey,Kati Outinen,David Crowley"
Wonder Woman 1984,,"Gal Gadot,Pedro Pascal,Chris Pine,Robin Wright"
Little,5.4,"Regina Hall,Issa Rae,Marsai Martin,Justin Hartley"
The Help,8.1,"Emma Stone,Viola Davis,Octavia Spencer,Bryce Dallas Howard"
Coco,8.4,"Anthony Gonzalez,Gael García Bernal,Benjamin Bratt,Alanna Ubach"
Prisoners,8.1,"Hugh Jackman,Jake Gyllenhaal,Viola Davis,Melissa Leo"
Tell It to the Bees,5.3,"Anna Paquin,Gregor Selkirk,Euan Mason,Holliday Grainger"
American Pie,7.0,"Jason Biggs,Chris Klein,Thomas Ian Nicholas,Jennifer Coolidge"
The Sixth Sense,8.1,"Bruce Willis,Haley Joel Osment,Toni Collette,Olivia Williams"
The Darkest Minds,5.7,"Amandla Stenberg,Mandy Moore,Bradley Whitford,Harris Dickinson"
Welcome to Marwen,6.1,"Steve Carell,Falk Hentschel,Matt O'Leary,Nikolai Witschl"
Border,7.1,"Eva Melander,Eero Milonoff,Jörgen Thorsson,Ann Petrén"
Sherlock Holmes,7.6,"Robert Downey Jr.,Jude Law,Rachel McAdams,Mark Strong"
Sicario,7.6,"Emily Blunt,Josh Brolin,Benicio Del Toro,Jon Bernthal"
Saving Private Ryan,8.6,"Tom Hanks,Matt Damon,Tom Sizemore,Edward Burns"
I Am Mother,6.3,"Rose Byrne,Hilary Swank,Clara Rugaard,Luke Hawker"
Tropic Thunder,7.0,"Ben Stiller,Jack Black,Robert Downey Jr.,Jeff Kahn"
The Fate of the Furious,6.7,"Vin Diesel,Jason Statham,Dwayne Johnson,Michelle Rodriguez"
Stan & Ollie,7.3,"Steve Coogan,John C. Reilly,Shirley Henderson,Nina Arianda"
Ghost in the Shell,6.4,"Scarlett Johansson,Pilou Asbæk,Takeshi Kitano,Juliette Binoche"
The Lost City of Z,6.6,"Charlie Hunnam,Robert Pattinson,Sienna Miller,Tom Holland"
The House That Jack Built,6.9,"Matt Dillon,Bruno Ganz,Uma Thurman,Siobhan Fallon Hogan"
Whiplash,8.5,"Miles Teller,J.K. Simmons,Melissa Benoist,Paul Reiser"
The Lodge,7.0,"Riley Keough,Alicia Silverstone,Richard Armitage,Jaeden Martell"
Hunter Killer,6.6,"Gerard Butler,Gary Oldman,Common,Linda Cardellini"
The Fanatic,,"John Travolta,Devon Sawa,Ana Golja,Jacob Grodnik"
Dr. Strangelove or: How I Learned to Stop Worrying and Love the Bomb,8.4,"Peter Sellers,George C. Scott,Sterling Hayden,Keenan Wynn"
American Beauty,8.4,"Kevin Spacey,Annette Bening,Thora Birch,Wes Bentley"
Tully,7.0,"Charlize Theron,Mackenzie Davis,Ron Livingston,Asher Miles Fallica"
The Accountant,7.3,"Ben Affleck,Anna Kendrick,J.K. Simmons,Jon Bernthal"
The Haunting of Sharon Tate,3.0,"Hilary Duff,Jonathan Bennett,Lydia Hearst,Pawel Szajda"
Wonder,8.0,"Jacob Tremblay,Owen Wilson,Izabela Vidovic,Julia Roberts"
The Witch,6.8,"Anya Taylor-Joy,Ralph Ineson,Kate Dickie,Julian Richings"
The Hangover,7.7,"Zach Galifianakis,Bradley Cooper,Justin Bartha,Ed Helms"
Terminator 2: Judgment Day,8.5,"Arnold Schwarzenegger,Linda Hamilton,Edward Furlong,Robert Patrick"
Shutter Island,8.1,"Leonardo DiCaprio,Emily Mortimer,Mark Ruffalo,Ben Kingsley"
Wind River,7.7,"Kelsey Asbille,Jeremy Renner,Julia Jones,Teo Briones"
American Psycho,7.6,"Christian Bale,Justin Theroux,Josh Lucas,Bill Sage"
Star Wars: Episode VII - The Force Awakens,8.0,"Daisy Ridley,John Boyega,Oscar Isaac,Domhnall Gleeson"
"Yours, Mine and Ours",7.2,"Lucille Ball,Henry Fonda,Van Johnson,Louise Troy"
Good Will Hunting,8.3,"Robin Williams,Matt Damon,Ben Affleck,Stellan Skarsgård"
Point Break,7.2,"Patrick Swayze,Keanu Reeves,Gary Busey,Lori Petty"
Dumb and Dumber,7.3,"Jim Carrey,Jeff Daniels,Lauren Holly,Mike Starr"
Bridesmaids,6.8,"Kristen Wiig,Maya Rudolph,Rose Byrne,Terry Crews"
Den of Thieves,7.0,"Gerard Butler,Pablo Schreiber,O'Shea Jackson Jr.,50 Cent"
Grease,7.2,"John Travolta,Olivia Newton-John,Stockard Channing,Jeff Conaway"
Searching,7.7,"John Cho,Debra Messing,Joseph Lee,Michelle La"
Everybody Knows,7.0,"Penélope Cruz,Javier Bardem,Ricardo Darín,Eduard Fernández"
The Conjuring,7.5,"Patrick Wilson,Vera Farmiga,Ron Livingston,Lili Taylor"
Mamma Mia!,6.4,"Meryl Streep,Pierce Brosnan,Amanda Seyfried,Stellan Skarsgård"
Requiem for a Dream,8.3,"Ellen Burstyn,Jared Leto,Jennifer Connelly,Marlon Wayans"
The Fifth Element,7.7,"Bruce Willis,Milla Jovovich,Gary Oldman,Ian Holm"
Snatch,8.3,"Jason Statham,Brad Pitt,Benicio Del Toro,Dennis Farina"
Ex Machina,7.7,"Alicia Vikander,Domhnall Gleeson,Oscar Isaac,Sonoya Mizuno"
Pain and Glory,7.8,"Penélope Cruz,Antonio Banderas,Leonardo Sbaraglia,Asier Etxeandia"
21 Bridges,,"Taylor Kitsch,Sienna Miller,Chadwick Boseman,J.K. Simmons"
Halloween,6.7,"Jamie Lee Curtis,Judy Greer,Andi Matichak,James Jude Courtney"
Dead Man's Shoes,7.7,"Paddy Considine,Gary Stretch,Toby Kebbell,Stuart Wolfenden"
The Notebook,7.9,"Gena Rowlands,James Garner,Rachel McAdams,Ryan Gosling"
The Handmaiden,8.1,"Min-hee Kim,Jung-woo Ha,Jin-Woong Cho,So-Ri Moon"
Alien: Covenant,6.4,"Michael Fassbender,Katherine Waterston,Billy Crudup,Danny McBride"
Power Rangers,6.0,"Dacre Montgomery,Naomi Scott,RJ Cyler,Ludi Lin"
The Island,6.9,"Scarlett Johansson,Ewan McGregor,Djimon Hounsou,Steve Buscemi"
The Green Mile,8.6,"Tom Hanks,Michael Clarke Duncan,David Morse,Bonnie Hunt"
Scarface,8.3,"Al Pacino,Michelle Pfeiffer,Steven Bauer,Mary Elizabeth Mastrantonio"
Speed,7.2,"Keanu Reeves,Dennis Hopper,Sandra Bullock,Joe Morton"
Grown Ups 2,5.4,"Adam Sandler,Kevin James,Chris Rock,David Spade"
Rogue One: A Star Wars Story,7.8,"Felicity Jones,Diego Luna,Alan Tudyk,Donnie Yen"
Capernaum,8.5,"Zain Al Rafeea,Yordanos Shiferaw,Boluwatife Treasure Bankole,Kawsar Al Haddad"
Upgrade,7.6,"Logan Marshall-Green,Melanie Vallejo,Steve Danielsen,Abby Craden"
Roma,7.8,"Yalitza Aparicio,Marina de Tavira,Diego Cortina Autrey,Carlos Peralta"
Reservoir Dogs,8.3,"Harvey Keitel,Tim Roth,Michael Madsen,Chris Penn"
Guava Island,6.9,"Donald Glover,Rihanna,Letitia Wright,Nonso Anozie"
The Snowman,5.1,"Michael Fassbender,Rebecca Ferguson,Charlotte Gainsbourg,Jonas Karlsson"
A Rainy Day in New York,,"Elle Fanning,Suki Waterhouse,Timothée Chalamet,Kelly Rohrbach"
Gods of Egypt,5.4,"Brenton Thwaites,Nikolaj Coster-Waldau,Gerard Butler,Chadwick Boseman"
Blade Runner,8.2,"Harrison Ford,Rutger Hauer,Sean Young,Edward James Olmos"
Lost in Translation,7.8,"Bill Murray,Scarlett Johansson,Giovanni Ribisi,Anna Faris"
The Revenant,8.0,"Leonardo DiCaprio,Tom Hardy,Will Poulter,Domhnall Gleeson"
The Suicide Squad,,"Margot Robbie,Joel Kinnaman,Idris Elba,Jai Courtney"
Brokeback Mountain,7.7,"Jake Gyllenhaal,Heath Ledger,Michelle Williams,Randy Quaid"
Casper,6.1,"Bill Pullman,Christina Ricci,Cathy Moriarty,Eric Idle"
The Wife,7.2,"Glenn Close,Jonathan Pryce,Max Irons,Christian Slater"
Road House,6.6,"Patrick Swayze,Kelly Lynch,Sam Elliott,Ben Gazzara"
Spectre,6.8,"Daniel Craig,Christoph Waltz,Léa Seydoux,Ralph Fiennes"
The Man Who Knew Too Much,7.5,"James Stewart,Doris Day,Brenda de Banzie,Bernard Miles"
Top Gun: Maverick,,"Tom Cruise,Jennifer Connelly,Jon Hamm,Val Kilmer"
Lady Bird,7.4,"Saoirse Ronan,Laurie Metcalf,Tracy Letts,Lucas Hedges"
The Grand Budapest Hotel,8.1,"Ralph Fiennes,F. Murray Abraham,Mathieu Amalric,Adrien Brody"
Photograph,6.9,"Nawazuddin Siddiqui,Sanya Malhotra,Sachin Khedekar,Denzil Smith"
To All the Boys I've Loved Before,7.3,"Lana Condor,Noah Centineo,Janel Parrish,Anna Cathcart"
Hacksaw Ridge,8.1,"Andrew Garfield,Sam Worthington,Luke Bracey,Teresa Palmer"
Scoob,,"Zac Efron,Mark Wahlberg,Gina Rodriguez,Amanda Seyfried"
Harry Potter and the Goblet of Fire,7.7,"Daniel Radcliffe,Emma Watson,Rupert Grint,Eric Sykes"
Edge of Tomorrow,7.9,"Tom Cruise,Emily Blunt,Bill Paxton,Brendan Gleeson"
Death House,3.1,"Bill Moseley,Tony Todd,Nicole Cinaglia,Adrienne Barbeau"
Jurassic World,7.0,"Chris Pratt,Bryce Dallas Howard,Ty Simpkins,Judy Greer"
Student of the Year,5.4,"Alia Bhatt,Sidharth Malhotra,Varun Dhawan,Rishi Kapoor"
Star Trek,8.0,"Chris Pine,Zachary Quinto,Simon Pegg,Leonard Nimoy"
One Flew Over the Cuckoo's Nest,8.7,"Jack Nicholson,Louise Fletcher,Will Sampson,Michael Berryman"
The Matrix Revolutions,6.7,"Keanu Reeves,Laurence Fishburne,Carrie-Anne Moss,Hugo Weaving"
Independence Day,7.0,"Will Smith,Bill Pullman,Jeff Goldblum,Mary McDonnell"
Knives Out,,"Ana de Armas,Chris Evans,Daniel Craig,LaKeith Stanfield"
Boyz n the Hood,7.8,"Cuba Gooding Jr.,Laurence Fishburne,Hudhail Al-Amir,Lloyd Avery II"
Atomic Blonde,6.7,"Charlize Theron,James McAvoy,John Goodman,Eddie Marsan"
Bad Moms,6.2,"Mila Kunis,Kathryn Hahn,Kristen Bell,Christina Applegate"
Jaws,8.0,"Roy Scheider,Robert Shaw,Richard Dreyfuss,Lorraine Gary"
La La Land,8.0,"Ryan Gosling,Emma Stone,Rosemarie DeWitt,J.K. Simmons"
Doctor Sleep,,"Rebecca Ferguson,Ewan McGregor,Jacob Tremblay,Zahn McClarnon"
Iron Sky,5.9,"Julia Dietze,Christopher Kirby,Götz Otto,Udo Kier"
3 from Hell,,"Sheri Moon Zombie,Sid Haig,Bill Moseley,Emilio Rivera"
Backdraft,6.7,"Kurt Russell,William Baldwin,Robert De Niro,Donald Sutherland"
Calamity Jane,7.3,"Doris Day,Howard Keel,Allyn Ann McLerie,Philip Carey"
Bully,7.0,"Brad Renfro,Nick Stahl,Bijou Phillips,Rachel Miner"
Pocketful of Miracles,7.3,"Glenn Ford,Bette Davis,Hope Lange,Arthur O'Connell"
12 Angry Men,8.9,"Henry Fonda,Lee J. Cobb,Martin Balsam,John Fiedler"
The Girl Next Door,6.7,"Emile Hirsch,Nicholas Downs,Elisha Cuthbert,Timothy Olyphant"
Taxi Driver,8.3,"Robert De Niro,Jodie Foster,Cybill Shepherd,Albert Brooks"
"Salò, or the 120 Days of Sodom",6.0,"Paolo Bonacelli,Laura Betti,Giorgio Cataldi,Umberto Paolo Quintavalle"
Murder on the Orient Express,6.5,"Kenneth Branagh,Penélope Cruz,Willem Dafoe,Judi Dench"
The Terminator,8.0,"Arnold Schwarzenegger,Linda Hamilton,Michael Biehn,Paul Winfield"
Frozen II,,"Evan Rachel Wood,Kristen Bell,Sterling K. Brown,Josh Gad"
The Big Short,7.8,"Christian Bale,Steve Carell,Ryan Gosling,Brad Pitt"
Siberia,4.3,"Keanu Reeves,Boris Gulyarin,Ashley St. George,Elliot Lazar"
Moana,7.6,"Auli'i Cravalho,Dwayne Johnson,Rachel House,Temuera Morrison"
Insidious,6.9,"Patrick Wilson,Rose Byrne,Ty Simpkins,Lin Shaye"
The Amazing Spider-Man,7.0,"Andrew Garfield,Emma Stone,Rhys Ifans,Irrfan Khan"
Unicorn Store,5.5,"Brie Larson,Samuel L. Jackson,Joan Cusack,Bradley Whitford"
I'll Take Your Dead,6.0,"Aidan Devine,Ava Preston,Jess Salgueiro,Brandon McKnight"
Terminator Salvation,6.6,"Christian Bale,Sam Worthington,Anton Yelchin,Moon Bloodgood"
2001: A Space Odyssey,8.3,"Keir Dullea,Gary Lockwood,William Sylvester,Daniel Richter"
The Lord of the Rings: The Two Towers,8.7,"Elijah Wood,Ian McKellen,Viggo Mortensen,Orlando Bloom"
Star Wars: Episode I - The Phantom Menace,6.5,"Ewan McGregor,Liam Neeson,Natalie Portman,Jake Lloyd"
Superbad,7.6,"Michael Cera,Jonah Hill,Christopher Mintz-Plasse,Bill Hader"
Rampage,6.1,"Dwayne Johnson,Naomie Harris,Malin Akerman,Jeffrey Dean Morgan"
Fifty Shades Freed,4.5,"Dakota Johnson,Jamie Dornan,Eric Johnson,Eloise Mumford"
The Da Vinci Code,6.6,"Tom Hanks,Audrey Tautou,Jean Reno,Ian McKellen"
There Will Be Blood,8.2,"Daniel Day-Lewis,Paul Dano,Ciarán Hinds,Martin Stringer"
"The Chronicles of Narnia: The Lion, the Witch and the Wardrobe",6.9,"Tilda Swinton,Georgie Henley,William Moseley,Skandar Keynes"
Psycho,8.5,"Anthony Perkins,Janet Leigh,Vera Miles,John Gavin"
The Girl in the Spider's Web,6.1,"Claire Foy,Beau Gadsdon,Sverrir Gudnason,LaKeith Stanfield"
Batman,7.6,"Michael Keaton,Jack Nicholson,Kim Basinger,Robert Wuhl"
Black Swan,8.0,"Natalie Portman,Mila Kunis,Vincent Cassel,Winona Ryder"
The Next Three Days,7.4,"Russell Crowe,Elizabeth Banks,Liam Neeson,Michael Buie"
Caddyshack,7.3,"Chevy Chase,Rodney Dangerfield,Bill Murray,Ted Knight"
Beats,7.7,"Martin Donaghy,Brian Ferguson,Ryan Fletcher,Laura Fraser"
Happy Death Day,6.5,"Jessica Rothe,Israel Broussard,Ruby Modine,Charles Aitken"
I Spit on Your Grave: Deja Vu,2.4,"Camille Keaton,Jamie Bernadette,Maria Olsen,Jim Tavaré"
Coyote Ugly,5.7,"Piper Perabo,Adam Garcia,John Goodman,Maria Bello"
Hook,6.7,"Dustin Hoffman,Robin Williams,Julia Roberts,Bob Hoskins"
Love Actually,7.6,"Hugh Grant,Martine McCutcheon,Liam Neeson,Laura Linney"
Boy Erased,7.0,"Lucas Hedges,Nicole Kidman,Joel Edgerton,Russell Crowe"
Romeo + Juliet,6.8,"Leonardo DiCaprio,Claire Danes,John Leguizamo,Harold Perrineau"
Prometheus,7.0,"Noomi Rapace,Logan Marshall-Green,Michael Fassbender,Charlize Theron"
The Man from U.N.C.L.E.,7.3,"Henry Cavill,Armie Hammer,Alicia Vikander,Elizabeth Debicki"
Mrs. Doubtfire,7.0,"Robin Williams,Sally Field,Pierce Brosnan,Harvey Fierstein"
Blended,6.5,"Adam Sandler,Drew Barrymore,Wendi McLendon-Covey,Kevin Nealon"
Casino Royale,8.0,"Daniel Craig,Eva Green,Judi Dench,Jeffrey Wright"
Stand by Me,8.1,"Wil Wheaton,River Phoenix,Corey Feldman,Jerry O'Connell"
Peppermint,6.5,"Jennifer Garner,John Gallagher Jr.,John Ortiz,Juan Pablo Raba"
Papillon,7.1,"Charlie Hunnam,Damijan Oklopdzic,Christopher Fairbank,Jason Ryan"
Nocturnal Animals,7.5,"Amy Adams,Jake Gyllenhaal,Michael Shannon,Aaron Taylor-Johnson"
The Usual Suspects,8.6,"Kevin Spacey,Gabriel Byrne,Chazz Palminteri,Stephen Baldwin"
Mandy,6.6,"Nicolas Cage,Andrea Riseborough,Linus Roache,Ned Dennehy"
Spider-Man 3,6.2,"Tobey Maguire,Kirsten Dunst,Topher Grace,Thomas Haden Church"
Kin,5.7,"Myles Truitt,Jack Reynor,Dennis Quaid,Zoë Kravitz"
Moonlight,7.4,"Mahershala Ali,Naomie Harris,Trevante Rhodes,Alex R. Hibbert"
A Fortunate Man,7.3,"Esben Smed,Katrine Greis-Rosenthal,Benjamin Kitter,Julie Christiansen"
The Intouchables,8.5,"François Cluzet,Omar Sy,Anne Le Ny,Audrey Fleurot"
The Command,6.5,"Matthias Schoenaerts,Léa Seydoux,Peter Simonischek,August Diehl"
Hud,7.9,"Paul Newman,Melvyn Douglas,Patricia Neal,Brandon De Wilde"
Pirates of the Caribbean: The Curse of the Black Pearl,8.0,"Johnny Depp,Geoffrey Rush,Orlando Bloom,Keira Knightley"
Arrival,7.9,"Amy Adams,Jeremy Renner,Forest Whitaker,Michael Stuhlbarg"
Zootopia,8.0,"Ginnifer Goodwin,Jason Bateman,Idris Elba,Jenny Slate"
Kill Bill: Vol. 1,8.1,"Uma Thurman,David Carradine,Daryl Hannah,Michael Madsen"
Batman & Robin,3.7,"Arnold Schwarzenegger,George Clooney,Chris O'Donnell,Uma Thurman"
Scream,7.2,"Neve Campbell,Courteney Cox,David Arquette,Skeet Ulrich"
Sorry to Bother You,7.0,"LaKeith Stanfield,Tessa Thompson,Jermaine Fowler,Omari Hardwick"
Hidden Figures,7.8,"Taraji P. Henson,Octavia Spencer,Janelle Monáe,Kevin Costner"
A View to a Kill,6.3,"Roger Moore,Christopher Walken,Tanya Roberts,Grace Jones"
Donnie Darko,8.1,"Jake Gyllenhaal,Jena Malone,Mary McDonnell,Holmes Osborne"
Skyscraper,5.8,"Dwayne Johnson,Neve Campbell,Chin Han,Roland Møller"
Oldboy,5.8,"Josh Brolin,Elizabeth Olsen,Samuel L. Jackson,Sharlto Copley"
Lenny,7.6,"Dustin Hoffman,Valerie Perrine,Jan Miner,Stanley Beck"
Alpha,6.7,"Kodi Smit-McPhee,Jóhannes Haukur Jóhannesson,Marcin Kowalczyk,Jens Hultén"
Lucy,6.4,"Scarlett Johansson,Morgan Freeman,Min-sik Choi,Amr Waked"
Artemis Fowl,,"Josh Gad,Judi Dench,Nonso Anozie,Miranda Raison"
Spirited Away,8.6,"Daveigh Chase,Suzanne Pleshette,Miyu Irino,Rumi Hiiragi"
The Fast and the Furious,6.8,"Vin Diesel,Paul Walker,Michelle Rodriguez,Jordana Brewster"
Kids,7.0,"Leo Fitzpatrick,Justin Pierce,Chloë Sevigny,Sarah Henderson"
Weird Science,6.6,"Anthony Michael Hall,Ilan Mitchell-Smith,Kelly LeBrock,Bill Paxton"
Escape Plan: The Extractors,,"Sylvester Stallone,Dave Bautista,50 Cent,Jaime King"
Beetlejuice,7.5,"Alec Baldwin,Geena Davis,Michael Keaton,Annie McEnroe"
Murder Mystery,,"Luke Evans,Jennifer Aniston,Adam Sandler,Gemma Arterton"
King Arthur: Legend of the Sword,6.8,"Charlie Hunnam,Astrid Bergès-Frisbey,Jude Law,Djimon Hounsou"
Angels & Demons,6.7,"Tom Hanks,Ewan McGregor,Ayelet Zurer,Stellan Skarsgård"
Pan's Labyrinth,8.2,"Ivana Baquero,Ariadna Gil,Sergi López,Maribel Verdú"
The Ruthless,6.3,"Riccardo Scamarcio,Sara Serraiocco,Alessio Praticò,Alessandro Tedeschi"
Eternal Sunshine of the Spotless Mind,8.3,"Jim Carrey,Kate Winslet,Tom Wilkinson,Gerry Robert Byrne"
Fifty Shades Darker,4.6,"Dakota Johnson,Jamie Dornan,Eric Johnson,Eloise Mumford"
Fargo,8.1,"William H. Macy,Frances McDormand,Steve Buscemi,Peter Stormare"
Pompeii,5.5,"Kit Harington,Emily Browning,Kiefer Sutherland,Adewale Akinnuoye-Agbaje"
"The Good, the Bad and the Ugly",8.9,"Clint Eastwood,Eli Wallach,Lee Van Cleef,Aldo Giuffrè"
Cast Away,7.8,"Tom Hanks,Helen Hunt,Paul Sanchez,Lari White"
The 40-Year-Old Virgin,7.1,"Steve Carell,Catherine Keener,Paul Rudd,Romany Malco"
Batman Forever,5.4,"Val Kilmer,Tommy Lee Jones,Jim Carrey,Nicole Kidman"
Valerian and the City of a Thousand Planets,6.5,"Dane DeHaan,Cara Delevingne,Clive Owen,Rihanna"
Kick-Ass,7.6,"Aaron Taylor-Johnson,Nicolas Cage,Chloë Grace Moretz,Garrett M. Brown"
Brawl in Cell Block 99,7.1,"Vince Vaughn,Jennifer Carpenter,Don Johnson,Udo Kier"
Toy Story,8.3,"Tom Hanks,Tim Allen,Don Rickles,Jim Varney"
The Social Network,7.7,"Jesse Eisenberg,Andrew Garfield,Justin Timberlake,Rooney Mara"
The World's End,7.0,"Simon Pegg,Nick Frost,Martin Freeman,Rosamund Pike"
A Serbian Film,5.1,"Srdjan 'Zika' Todorovic,Sergej Trifunovic,Jelena Gavrilovic,Slobodan Bestic"
Just Friends,6.2,"Ryan Reynolds,Amy Smart,Anna Faris,Chris Klein"
Nymphomaniac: Vol. I,6.9,"Charlotte Gainsbourg,Stellan Skarsgård,Stacy Martin,Shia LaBeouf"
Ad Astra,,"Brad Pitt,Tommy Lee Jones,Donald Sutherland,Ruth Negga"
Raiders of the Lost Ark,8.5,"Harrison Ford,Karen Allen,Paul Freeman,John Rhys-Davies"
The Sound of Music,8.0,"Julie Andrews,Christopher Plummer,Eleanor Parker,Richard Haydn"
Hellboy,6.9,"Ron Perlman,Doug Jones,Selma Blair,John Hurt"
Pride & Prejudice,7.8,"Keira Knightley,Matthew Macfadyen,Brenda Blethyn,Donald Sutherland"
Into the Wild,8.1,"Emile Hirsch,Vince Vaughn,Catherine Keener,Marcia Gay Harden"
We're the Millers,7.0,"Jason Sudeikis,Jennifer Aniston,Emma Roberts,Ed Helms"
Never Look Away,7.7,"Tom Schilling,Sebastian Koch,Paula Beer,Saskia Rosendahl"
The Curious Case of Benjamin Button,7.8,"Brad Pitt,Cate Blanchett,Tilda Swinton,Julia Ormond"
Midway,,"Luke Evans,Woody Harrelson,Ed Skrein,Dennis Quaid"
Mile 22,6.1,"Mark Wahlberg,Lauren Cohan,Iko Uwais,John Malkovich"
The Addams Family,,"Charlize Theron,Chloë Grace Moretz,Aimee Garcia,Oscar Isaac"
Aliens,8.4,"Sigourney Weaver,Michael Biehn,Carrie Henn,Paul Reiser"
Free Guy,,"Jodie Comer,Ryan Reynolds,Taika Waititi,Joe Keery"
Birdman or (The Unexpected Virtue of Ignorance),7.7,"Michael Keaton,Zach Galifianakis,Edward Norton,Andrea Riseborough"
Deliverance,7.7,"Jon Voight,Burt Reynolds,Ned Beatty,Ronny Cox"
In Family I Trust,6.2,"Clara Lago,Álex García,Alexandra Jiménez,Paula Malia"
Furious 7,7.2,"Vin Diesel,Paul Walker,Dwayne Johnson,Jason Statham"
The Hobbit: An Unexpected Journey,7.9,"Martin Freeman,Ian McKellen,Richard Armitage,Andy Serkis"
Charlie and the Chocolate Factory,6.6,"Johnny Depp,Freddie Highmore,David Kelly,Helena Bonham Carter"
Second Act,5.8,"Jennifer Lopez,Vanessa Hudgens,Leah Remini,Treat Williams"
The 12th Man,7.4,"Thomas Gullestad,Jonathan Rhys Meyers,Marie Blokhus,Mads Sjøgård Pettersen"
Eighth Grade,7.5,"Elsie Fisher,Josh Hamilton,Emily Robinson,Jake Ryan"
Hollywood Canteen,7.3,"Bette Davis,John Garfield,The Andrews Sisters,Jack Benny"
"Love, Simon",7.6,"Nick Robinson,Jennifer Garner,Josh Duhamel,Katherine Langford"
Molly's Game,7.5,"Jessica Chastain,Idris Elba,Kevin Costner,Michael Cera"
Zeroville,,"Joey King,Megan Fox,Seth Rogen,Will Ferrell"
47 Ronin,6.3,"Keanu Reeves,Hiroyuki Sanada,Ko Shibasaki,Tadanobu Asano"
"I, Tonya",7.5,"Margot Robbie,Sebastian Stan,Allison Janney,Julianne Nicholson"
Death Wish,6.4,"Bruce Willis,Vincent D'Onofrio,Elisabeth Shue,Camila Morrone"
Die Hard,8.2,"Bruce Willis,Alan Rickman,Bonnie Bedelia,Reginald VelJohnson"
City of God,8.6,"Alexandre Rodrigues,Leandro Firmino,Matheus Nachtergaele,Phellipe Haagensen"
American History X,8.5,"Edward Norton,Edward Furlong,Beverly D'Angelo,Jennifer Lien"
Isle of Dogs,7.9,"Bryan Cranston,Koyu Rankin,Edward Norton,Bob Balaban"
Chef,7.3,"Jon Favreau,Robert Downey Jr.,Scarlett Johansson,Dustin Hoffman"
Fantastic Four,4.3,"Miles Teller,Kate Mara,Michael B. Jordan,Jamie Bell"
Last Christmas,,"Emilia Clarke,Emma Thompson,Michelle Yeoh,Henry Golding"
War Horse,7.2,"Jeremy Irvine,Emily Watson,David Thewlis,Benedict Cumberbatch"
Under the Skin,6.3,"Scarlett Johansson,Jeremy McWilliams,Lynsey Taylor Mackay,Dougie McConnell"
Dark Shadows,6.2,"Johnny Depp,Michelle Pfeiffer,Eva Green,Helena Bonham Carter"
Jay and Silent Bob Reboot,,"Chris Hemsworth,Kevin Smith,Rosario Dawson,Kate Micucci"
Blue Is the Warmest Color,7.8,"Léa Seydoux,Adèle Exarchopoulos,Salim Kechiouche,Aurélien Recoing"
American Exit,5.7,"Dane Cook,Levi Miller,Udo Kier,Claire van der Boom"
Chernobyl Diaries,5.0,"Jesse McCartney,Jonathan Sadowski,Olivia Taylor Dudley,Nathan Phillips"
The Cell,6.3,"Jennifer Lopez,Vince Vaughn,Vincent D'Onofrio,Colton James"
Maze Runner: The Death Cure,6.2,"Dylan O'Brien,Ki Hong Lee,Kaya Scodelario,Thomas Brodie-Sangster"
V for Vendetta,8.2,"Hugo Weaving,Natalie Portman,Rupert Graves,Stephen Rea"
Bad Boys for Life,,"Will Smith,Vanessa Hudgens,Charles Melton,Alexander Ludwig"
A Hidden Life,7.9,"August Diehl,Valerie Pachner,Michael Nyqvist,Matthias Schoenaerts"
Chaos Walking,,"Tom Holland,Daisy Ridley,Mads Mikkelsen,Nick Jonas"
Chasing Liberty,6.1,"Mandy Moore,Matthew Goode,Mark Harmon,Stark Sands"
The Killing of a Sacred Deer,7.0,"Barry G. Bernson,Herb Caillouet,Bill Camp,Raffey Cassidy"
Onward,,"Tom Holland,Chris Pratt,Octavia Spencer,Julia Louis-Dreyfus"
The Brothers Grimsby,6.2,"Sacha Baron Cohen,Mark Strong,Rebel Wilson,Freddie Crowder"
Dirty Rotten Scoundrels,7.3,"Steve Martin,Michael Caine,Glenne Headly,Anton Rodgers"
The Impossible,7.6,"Naomi Watts,Ewan McGregor,Tom Holland,Oaklee Pendergast"
Sin City,8.0,"Mickey Rourke,Clive Owen,Bruce Willis,Jessica Alba"
Oldboy,8.4,"Min-sik Choi,Ji-tae Yu,Hye-jeong Kang,Dae-han Ji"
The Neon Demon,6.2,"Elle Fanning,Christina Hendricks,Keanu Reeves,Karl Glusman"
Outlaw King,7.0,"Chris Pine,Stephen Dillane,Rebecca Robin,Billy Howle"
Don Jon,6.6,"Joseph Gordon-Levitt,Scarlett Johansson,Julianne Moore,Tony Danza"
Memento,8.5,"Guy Pearce,Carrie-Anne Moss,Joe Pantoliano,Mark Boone Junior"
I Am Legend,7.2,"Will Smith,Alice Braga,Charlie Tahan,Salli Richardson-Whitfield"
Braveheart,8.4,"Mel Gibson,Sophie Marceau,Patrick McGoohan,Angus Macfadyen"
Allied,7.1,"Brad Pitt,Marion Cotillard,Jared Harris,Vincent Ebrahim"
A Knight's Tale,6.9,"Heath Ledger,Mark Addy,Rufus Sewell,Shannyn Sossamon"
Gifted,7.6,"Chris Evans,Mckenna Grace,Lindsay Duncan,Octavia Spencer"
The Lobster,7.1,"Colin Farrell,Rachel Weisz,Jessica Barden,Olivia Colman"
The Aftermath,6.3,"Keira Knightley,Ned Wills,Pandora Colin,Jason Clarke"
E.T. the Extra-Terrestrial,7.9,"Henry Thomas,Drew Barrymore,Peter Coyote,Dee Wallace"
American Gangster,7.8,"Denzel Washington,Russell Crowe,Chiwetel Ejiofor,Josh Brolin"
Heat,8.2,"Al Pacino,Robert De Niro,Val Kilmer,Jon Voight"
Frozen,7.5,"Kristen Bell,Idina Menzel,Jonathan Groff,Josh Gad"
Divergent,6.7,"Shailene Woodley,Theo James,Kate Winslet,Jai Courtney"
Room for Rent,5.1,"Lin Shaye,Oliver Rayon,Valeska Miller,Ryan Ochoa"
The Dark Tower,5.7,"Idris Elba,Matthew McConaughey,Tom Taylor,Dennis Haysbert"
The Exorcist,8.0,"Ellen Burstyn,Max von Sydow,Linda Blair,Lee J. Cobb"
The Twilight Saga: Breaking Dawn - Part 2,5.5,"Kristen Stewart,Robert Pattinson,Taylor Lautner,Peter Facinelli"
All Is True,5.9,"Kenneth Branagh,Lolita Chakrabarti,Jack Colgrave Hirst,Doug Colling"
Bram Stoker's Dracula,7.5,"Gary Oldman,Winona Ryder,Anthony Hopkins,Keanu Reeves"
Mirage,7.5,"Adriana Ugarte,Chino Darín,Javier Gutiérrez,Álvaro Morte"
Fantastic Four,5.7,"Ioan Gruffudd,Michael Chiklis,Chris Evans,Jessica Alba"
Butch Cassidy and the Sundance Kid,8.1,"Paul Newman,Robert Redford,Katharine Ross,Strother Martin"
Catch Me If You Can,8.1,"Leonardo DiCaprio,Tom Hanks,Christopher Walken,Martin Sheen"
The Blue Lagoon,5.7,"Brooke Shields,Christopher Atkins,Leo McKern,William Daniels"
Home Alone,7.5,"Macaulay Culkin,Joe Pesci,Daniel Stern,John Heard"
Fear and Loathing in Las Vegas,7.7,"Johnny Depp,Benicio Del Toro,Tobey Maguire,Michael Lee Gogin"
The Last Witch Hunter,6.0,"Vin Diesel,Rose Leslie,Elijah Wood,Ólafur Darri Ólafsson"
Velvet Buzzsaw,5.7,"Jake Gyllenhaal,Rene Russo,Zawe Ashton,Tom Sturridge"
Spring Breakers,5.3,"Vanessa Hudgens,Selena Gomez,Ashley Benson,Rachel Korine"
Cloud Atlas,7.4,"Tom Hanks,Halle Berry,Hugh Grant,Hugo Weaving"
Gerald's Game,6.6,"Carla Gugino,Bruce Greenwood,Chiara Aurelia,Carel Struycken"
Clueless,6.8,"Alicia Silverstone,Stacey Dash,Brittany Murphy,Paul Rudd"
The Angry Birds Movie 2,,"Peter Dinklage,Bill Hader,Awkwafina,Dove Cameron"
Bill & Ted's Excellent Adventure,6.9,"Keanu Reeves,Alex Winter,George Carlin,Terry Camilleri"
Independence Day: Resurgence,5.2,"Liam Hemsworth,Jeff Goldblum,Bill Pullman,Maika Monroe"
Constantine,7.0,"Keanu Reeves,Rachel Weisz,Djimon Hounsou,Shia LaBeouf"
Dry Martina,6.1,"Antonella Costa,Patricio Contreras,Dindi Jane,Pedro Campos"
Star Trek Beyond,7.1,"Chris Pine,Zachary Quinto,Karl Urban,Zoe Saldana"
Dirty Dancing,6.9,"Patrick Swayze,Jennifer Grey,Jerry Orbach,Cynthia Rhodes"
Harry Potter and the Prisoner of Azkaban,7.9,"Daniel Radcliffe,Emma Watson,Rupert Grint,Richard Griffiths"
The Lost Boys,7.3,"Jason Patric,Corey Haim,Dianne Wiest,Barnard Hughes"
Revenge,6.3,"Matilda Anna Ingrid Lutz,Kevin Janssens,Vincent Colombe,Guillaume Bouchède"
Bright,6.4,"Will Smith,Joel Edgerton,Noomi Rapace,Edgar Ramírez"
The Mummy Returns,6.4,"Brendan Fraser,Rachel Weisz,John Hannah,Arnold Vosloo"
Monster,7.3,"Charlize Theron,Christina Ricci,Bruce Dern,Lee Tergesen"
The Informer,,"Ana de Armas,Joel Kinnaman,Rosamund Pike,Common"
13 Going on 30,6.2,"Jennifer Garner,Mark Ruffalo,Judy Greer,Andy Serkis"
Captive State,7.0,"John Goodman,Ashton Sanders,Jonathan Majors,Vera Farmiga"
Fantastic Beasts and Where to Find Them,7.3,"Eddie Redmayne,Katherine Waterston,Alison Sudol,Dan Fogler"
X-Men: The Last Stand,6.7,"Patrick Stewart,Hugh Jackman,Halle Berry,Famke Janssen"
Willy Wonka & the Chocolate Factory,7.8,"Gene Wilder,Jack Albertson,Peter Ostrum,Roy Kinnear"
This Means War,6.3,"Reese Witherspoon,Chris Pine,Tom Hardy,Til Schweiger"
The Bad Batch,5.3,"Suki Waterhouse,Jason Momoa,Jayda Fink,Keanu Reeves"
Slender Man,3.2,"Joey King,Julia Goldani Telles,Jaz Sinclair,Annalise Basso"
The Many Saints of Newark,,"Billy Magnussen,Vera Farmiga,Jon Bernthal,Ray Liotta"
Toy Story 3,8.3,"Tom Hanks,Tim Allen,Joan Cusack,Ned Beatty"
Hot Fuzz,7.9,"Simon Pegg,Nick Frost,Martin Freeman,Bill Nighy"
The Amazing Spider-Man 2,6.6,"Andrew Garfield,Emma Stone,Jamie Foxx,Paul Giamatti"
Hairspray,6.7,"John Travolta,Queen Latifah,Nikki Blonsky,Michelle Pfeiffer"
Idiocracy,6.6,"Luke Wilson,Maya Rudolph,Dax Shepard,Terry Crews"
Bundy and the Green River Killer,4.2,"Lara Goodison,Richard Mark,Mark Homer,Rahel Kapsaski"
Point Break,5.3,"Edgar Ramírez,Luke Bracey,Ray Winstone,Teresa Palmer"
Suspiria,7.5,"Jessica Harper,Stefania Casini,Flavio Bucci,Miguel Bosé"
Knocked Up,7.0,"Seth Rogen,Katherine Heigl,Paul Rudd,Leslie Mann"
Once Upon a Time in America,8.4,"Robert De Niro,James Woods,Elizabeth McGovern,Treat Williams"
True Lies,7.2,"Arnold Schwarzenegger,Jamie Lee Curtis,Tom Arnold,Bill Paxton"
Toy Story 2,7.9,"Tom Hanks,Tim Allen,Joan Cusack,Kelsey Grammer"
Octopussy,6.6,"Roger Moore,Maud Adams,Louis Jourdan,Kristina Wayborn"
Bone Tomahawk,7.1,"Kurt Russell,Patrick Wilson,Matthew Fox,Richard Jenkins"
Thirteen,6.8,"Evan Rachel Wood,Holly Hunter,Nikki Reed,Vanessa Hudgens"
Wanted,6.7,"Angelina Jolie,James McAvoy,Morgan Freeman,Terence Stamp"
Beautiful Boy,7.3,"Steve Carell,Maura Tierney,Jack Dylan Grazer,Oakley Bull"
Snow White and the Huntsman,6.1,"Kristen Stewart,Chris Hemsworth,Charlize Theron,Sam Claflin"
If Beale Street Could Talk,7.2,"KiKi Layne,Stephan James,Regina King,Teyonah Parris"
Ghostbusters,7.8,"Bill Murray,Dan Aykroyd,Sigourney Weaver,Harold Ramis"
Easy A,7.1,"Emma Stone,Amanda Bynes,Penn Badgley,Dan Byrd"
The Mortal Instruments: City of Bones,5.9,"Lily Collins,Jamie Campbell Bower,Robert Sheehan,Jemima West"
The Spy Who Dumped Me,6.0,"Justin Theroux,Blanka Györfi-Tóth,Vilma Szécsi,Mila Kunis"
The Mummy,5.5,"Tom Cruise,Sofia Boutella,Annabelle Wallis,Russell Crowe"
From Dusk Till Dawn,7.2,"Harvey Keitel,George Clooney,Juliette Lewis,Quentin Tarantino"
The Invisible Guest,8.1,"Mario Casas,Ana Wagener,Jose Coronado,Bárbara Lennie"
Kingdom of Heaven,7.2,"Orlando Bloom,Eva Green,Liam Neeson,Martin Hancock"
The Hate U Give,7.3,"Amandla Stenberg,Regina Hall,Russell Hornsby,Anthony Mackie"
Destination Wedding,6.0,"Winona Ryder,Keanu Reeves,DJ Dallenbach,Ted Dubost"
The Nice Guys,7.4,"Russell Crowe,Ryan Gosling,Angourie Rice,Matt Bomer"
Trainspotting,8.2,"Ewan McGregor,Ewen Bremner,Jonny Lee Miller,Kevin McKidd"
"Love, Rosie",7.2,"Lily Collins,Sam Claflin,Christian Cooke,Jaime Winstone"
A Beautiful Mind,8.2,"Russell Crowe,Ed Harris,Jennifer Connelly,Christopher Plummer"
Saw,7.6,"Cary Elwes,Leigh Whannell,Danny Glover,Ken Leung"
Good Boys,6.5,"Molly Gordon,Jacob Tremblay,Will Forte,Retta"
The Mist,7.2,"Thomas Jane,Marcia Gay Harden,Laurie Holden,Andre Braugher"
Harry Potter and the Chamber of Secrets,7.4,"Daniel Radcliffe,Rupert Grint,Emma Watson,Richard Harris"
Stardust,7.7,"Charlie Cox,Claire Danes,Sienna Miller,Ian McKellen"
The Mummy: Tomb of the Dragon Emperor,5.2,"Brendan Fraser,Jet Li,Maria Bello,Michelle Yeoh"
The Incredibles,8.0,"Craig T. Nelson,Samuel L. Jackson,Holly Hunter,Jason Lee"
Central Intelligence,6.3,"Dwayne Johnson,Kevin Hart,Danielle Nicolet,Amy Ryan"
The Peanut Butter Falcon,8.1,"Shia LaBeouf,Dakota Johnson,Zack Gottsagen,John Hawkes"
D-Day Assassins,3.7,"Angelique Joan,Mark Homer,Dennis Farrin,Paris Stangl"
The Devil Wears Prada,6.9,"Anne Hathaway,Meryl Streep,Adrian Grenier,Emily Blunt"
The White Crow,6.4,"Oleg Ivenko,Ralph Fiennes,Louis Hofmann,Adèle Exarchopoulos"
Gone with the Wind,8.2,"Clark Gable,Vivien Leigh,Thomas Mitchell,Barbara O'Neil"
The Last Full Measure,,"Sebastian Stan,Samuel L. Jackson,Bradley Whitford,Ed Harris"
The Italian Job,7.0,"Donald Sutherland,Mark Wahlberg,Edward Norton,Charlize Theron"
My Friend Dahmer,6.3,"Ross Lynch,Alex Wolff,Anne Heche,Zachary Davis Brown"
Wild Rose,7.5,"Jessie Buckley,Matt Costello,Jane Patterson,Lesley Hart"
Geostorm,5.3,"Gerard Butler,Jim Sturgess,Abbie Cornish,Alexandra Maria Lara"
Inside Out,8.2,"Amy Poehler,Bill Hader,Lewis Black,Mindy Kaling"
Big Fish,8.0,"Ewan McGregor,Albert Finney,Billy Crudup,Jessica Lange"
Black Mirror: Bandersnatch,7.3,"Fionn Whitehead,Craig Parkinson,Alice Lowe,Asim Chaudhry"
The Pianist,8.5,"Adrien Brody,Thomas Kretschmann,Frank Finlay,Emilia Fox"
What Happened to Monday,6.9,"Noomi Rapace,Glenn Close,Willem Dafoe,Marwan Kenzari"
Stargate,7.1,"Kurt Russell,James Spader,Jaye Davidson,Viveca Lindfors"
Hostiles,7.2,"Scott Shepherd,Rosamund Pike,Ava Cooper,Stella Cooper"
The Disaster Artist,7.4,"James Franco,Dave Franco,Ari Graynor,Seth Rogen"
Hellboy II: The Golden Army,7.0,"Ron Perlman,Selma Blair,Doug Jones,John Alexander"
"Crazy, Stupid, Love.",7.4,"Steve Carell,Ryan Gosling,Julianne Moore,Emma Stone"
The Truman Show,8.1,"Jim Carrey,Ed Harris,Laura Linney,Noah Emmerich"
All Ladies Do It,5.3,"Claudia Koll,Paolo Lanza,Franco Branciaroli,Isabella Deiana"
Mowgli: Legend of the Jungle,6.5,"Christian Bale,Cate Blanchett,Benedict Cumberbatch,Naomie Harris"
Warcraft: The Beginning,6.9,"Travis Fimmel,Paula Patton,Ben Foster,Dominic Cooper"
Fast Times at Ridgemont High,7.2,"Sean Penn,Jennifer Jason Leigh,Judge Reinhold,Robert Romanus"
A Million Ways to Die in the West,6.1,"Seth MacFarlane,Charlize Theron,Liam Neeson,Amanda Seyfried"
Gully Boy,8.4,"Ranveer Singh,Alia Bhatt,Siddhant Chaturvedi,Vijay Raaz"
Life Is Beautiful,8.6,"Roberto Benigni,Nicoletta Braschi,Giorgio Cantarini,Giustino Durano"
Love & Other Drugs,6.7,"Jake Gyllenhaal,Anne Hathaway,Judy Greer,Oliver Platt"
Blinded by the Light,6.3,"Viveik Kalra,Kulvinder Ghir,Meera Ganatra,Aaron Phagura"
Drive,7.8,"Ryan Gosling,Carey Mulligan,Bryan Cranston,Albert Brooks"
Spy,7.0,"Melissa McCarthy,Rose Byrne,Jude Law,Jason Statham"
The Dreamers,7.2,"Michael Pitt,Louis Garrel,Eva Green,Anna Chancellor"
Can You Ever Forgive Me?,7.2,"Melissa McCarthy,Richard E. Grant,Dolly Wells,Ben Falcone"
Jason Bourne,6.6,"Matt Damon,Tommy Lee Jones,Alicia Vikander,Vincent Cassel"
Andhadhun,8.5,"Ayushmann Khurrana,Tabu,Radhika Apte,Anil Dhawan"
This Is England,7.7,"Thomas Turgoose,Stephen Graham,Jo Hartley,Andrew Shim"
Apostle,6.3,"Dan Stevens,Richard Elfyn,Paul Higgins,Bill Milner"
Twister,6.3,"Helen Hunt,Bill Paxton,Cary Elwes,Jami Gertz"
Your Name.,8.4,"Ryûnosuke Kamiki,Mone Kamishiraishi,Ryô Narita,Aoi Yûki"
The Post,7.2,"Meryl Streep,Tom Hanks,Sarah Paulson,Bob Odenkirk"
12 Years a Slave,8.1,"Chiwetel Ejiofor,Michael Kenneth Williams,Michael Fassbender,Brad Pitt"
Bride of Frankenstein,7.9,"Boris Karloff,Elsa Lanchester,Colin Clive,Valerie Hobson"
Austin Powers in Goldmember,6.2,"Mike Myers,Beyoncé,Seth Green,Michael York"
Argo,7.7,"Ben Affleck,Bryan Cranston,John Goodman,Alan Arkin"
Star Wars: Episode VI - Return of the Jedi,8.3,"Mark Hamill,Harrison Ford,Carrie Fisher,Billy Dee Williams"
Spotlight,8.1,"Mark Ruffalo,Michael Keaton,Rachel McAdams,Liev Schreiber"
The Ugly Truth,6.4,"Katherine Heigl,Gerard Butler,Bree Turner,Eric Winter"
300: Rise of an Empire,6.2,"Sullivan Stapleton,Eva Green,Lena Headey,Hans Matheson"
Nightcrawler,7.9,"Jake Gyllenhaal,Rene Russo,Bill Paxton,Riz Ahmed"
TRON: Legacy,6.8,"Jeff Bridges,Garrett Hedlund,Olivia Wilde,Bruce Boxleitner"
The Wizard of Oz,8.0,"Judy Garland,Frank Morgan,Ray Bolger,Bert Lahr"
Life of the Party,5.5,"Melissa McCarthy,Matt Walsh,Molly Gordon,Ben Falcone"
The Commuter,6.3,"Liam Neeson,Vera Farmiga,Patrick Wilson,Jonathan Banks"
Grown Ups,6.0,"Adam Sandler,Salma Hayek,Kevin James,Chris Rock"
Mulholland Drive,8.0,"Naomi Watts,Laura Harring,Justin Theroux,Jeanne Bates"
Gremlins,7.3,"Zach Galligan,Phoebe Cates,Hoyt Axton,John Louie"
"Girl, Interrupted",7.4,"Winona Ryder,Angelina Jolie,Clea DuVall,Brittany Murphy"
Triple Threat,5.5,"Tony Jaa,Tiger Hu Chen,Iko Uwais,Scott Adkins"
Predator,7.8,"Arnold Schwarzenegger,Carl Weathers,Kevin Peter Hall,Elpidia Carrillo"
RED,7.1,"Bruce Willis,Helen Mirren,Morgan Freeman,Mary-Louise Parker"
Storm Boy,6.9,"Jai Courtney,Geoffrey Rush,David Gulpilil,Erik Thomson"
Shaun of the Dead,7.9,"Simon Pegg,Nick Frost,Kate Ashfield,Lucy Davis"
Hotel Transylvania 3: Summer Vacation,6.3,"Adam Sandler,Andy Samberg,Selena Gomez,Kevin James"
Sucker Punch,6.1,"Emily Browning,Vanessa Hudgens,Abbie Cornish,Jena Malone"
Star Wars: Episode V - The Empire Strikes Back,8.7,"Mark Hamill,Harrison Ford,Carrie Fisher,Billy Dee Williams"
Scary Stories to Tell in the Dark,,"Zoe Margaret Colletti,Michael Garza,Austin Zajur,Gabriel Rush"
Fury,7.6,"Brad Pitt,Shia LaBeouf,Logan Lerman,Michael Peña"
Office Space,7.8,"Ron Livingston,Jennifer Aniston,David Herman,Ajay Naidu"
Friends with Benefits,6.6,"Mila Kunis,Justin Timberlake,Patricia Clarkson,Jenna Elfman"
Pitch Perfect 2,6.4,"Anna Kendrick,Rebel Wilson,Hailee Steinfeld,Brittany Snow"
The Girl with the Dragon Tattoo,7.8,"Daniel Craig,Rooney Mara,Christopher Plummer,Stellan Skarsgård"
The Beach,6.6,"Leonardo DiCaprio,Daniel York,Patcharawan Patarakijjanon,Virginie Ledoyen"
The Perks of Being a Wallflower,8.0,"Logan Lerman,Emma Watson,Ezra Miller,Paul Rudd"
Matilda,6.9,"Danny DeVito,Rhea Perlman,Mara Wilson,Embeth Davidtz"
Orphan,7.0,"Vera Farmiga,Peter Sarsgaard,Isabelle Fuhrman,CCH Pounder"
X2: X-Men United,7.5,"Patrick Stewart,Hugh Jackman,Halle Berry,Ian McKellen"
Summer of 84,6.7,"Graham Verchere,Judah Lewis,Caleb Emery,Cory Gruter-Andrew"
The Guernsey Literary and Potato Peel Pie Society,7.4,"Jessica Brown Findlay,Tom Courtenay,Michiel Huisman,Katherine Parkinson"
King Kong,7.2,"Naomi Watts,Jack Black,Adrien Brody,Thomas Kretschmann"
How to Train Your Dragon,8.1,"Jay Baruchel,Gerard Butler,Christopher Mintz-Plasse,Craig Ferguson"
12 Strong,6.6,"Chris Hemsworth,Michael Shannon,Michael Peña,Navid Negahban"
Willow,7.3,"Val Kilmer,Joanne Whalley,Warwick Davis,Jean Marsh"
Diamonds Are Forever,6.7,"Sean Connery,Jill St. John,Charles Gray,Lana Wood"
The Hunger Games: Mockingjay - Part 2,6.6,"Jennifer Lawrence,Josh Hutcherson,Liam Hemsworth,Woody Harrelson"
Harry Potter and the Half-Blood Prince,7.6,"Daniel Radcliffe,Emma Watson,Rupert Grint,Michael Gambon"
Sherlock Holmes: A Game of Shadows,7.5,"Robert Downey Jr.,Jude Law,Jared Harris,Rachel McAdams"
The Green Inferno,5.3,"Lorenza Izzo,Ariel Levy,Aaron Burns,Kirby Bliss Blanton"
Jupiter Ascending,5.3,"Channing Tatum,Mila Kunis,Eddie Redmayne,Sean Bean"
A League of Their Own,7.2,"Tom Hanks,Geena Davis,Lori Petty,Madonna"
Logan Lucky,7.0,"Channing Tatum,Adam Driver,Daniel Craig,Farrah Mackenzie"
The Cabin in the Woods,7.0,"Kristen Connolly,Chris Hemsworth,Anna Hutchison,Fran Kranz"
10 Things I Hate About You,7.3,"Heath Ledger,Julia Stiles,Joseph Gordon-Levitt,Larisa Oleynik"
The First Purge,5.1,"Y'lan Noel,Lex Scott Davis,Joivan Wade,Steve Harris"
Spider-Man 2,7.3,"Tobey Maguire,Kirsten Dunst,Alfred Molina,James Franco"
Hot Tub Time Machine,6.4,"John Cusack,Rob Corddry,Craig Robinson,Clark Duke"
Shrek,7.9,"Mike Myers,Eddie Murphy,Cameron Diaz,John Lithgow"
The Firm,6.8,"Tom Cruise,Jeanne Tripplehorn,Gene Hackman,Hal Holbrook"
The Legend of Tarzan,6.3,"Alexander Skarsgård,Rory J. Saper,Christian Stevens,Christoph Waltz"
American Made,7.2,"Tom Cruise,Domhnall Gleeson,Sarah Wright,Jesse Plemons"
The Death and Life of John F. Donovan,6.3,"Kit Harington,Natalie Portman,Emily Hampshire,Jacob Tremblay"
Boogie Nights,7.9,"Mark Wahlberg,Julianne Moore,Burt Reynolds,Luis Guzmán"
Pretty Woman,7.0,"Richard Gere,Julia Roberts,Jason Alexander,Laura San Giacomo"
Ender's Game,6.6,"Harrison Ford,Asa Butterfield,Hailee Steinfeld,Abigail Breslin"
The Blind Side,7.7,"Quinton Aaron,Sandra Bullock,Tim McGraw,Jae Head"
Hell or High Water,7.6,"Chris Pine,Ben Foster,Jeff Bridges,Gil Birmingham"
Captain Fantastic,7.9,"Viggo Mortensen,George MacKay,Samantha Isler,Annalise Basso"
A Little Chaos,6.5,"Kate Winslet,Alan Rickman,Stanley Tucci,Matthias Schoenaerts"
Mortal Kombat,,
The Guilty,7.5,"Jakob Cedergren,Jessica Dinnage,Omar Shargawi,Johan Olsen"
Annabelle: Creation,6.5,"Anthony LaPaglia,Samara Lee,Miranda Otto,Brad Greenquist"
Ip Man 4,,"Scott Adkins,Donnie Yen,Kwok-Kwan Chan,Vanness Wu"
Hanna,6.8,"Saoirse Ronan,Cate Blanchett,Eric Bana,Vicky Krieps"
Van Helsing,6.1,"Hugh Jackman,Kate Beckinsale,Richard Roxburgh,Shuler Hensley"
Men in Black,7.3,"Tommy Lee Jones,Will Smith,Linda Fiorentino,Vincent D'Onofrio"
The Huntsman: Winter's War,6.1,"Chris Hemsworth,Jessica Chastain,Charlize Theron,Emily Blunt"
The Thing,8.1,"Kurt Russell,Wilford Brimley,Keith David,Richard Masur"
All About Eve,8.3,"Bette Davis,Anne Baxter,George Sanders,Celeste Holm"
Remember Me,7.1,"Robert Pattinson,Emilie de Ravin,Caitlyn Rund,Moisés Acevedo"
Creed,7.6,"Michael B. Jordan,Sylvester Stallone,Tessa Thompson,Phylicia Rashad"
You Were Never Really Here,6.8,"Joaquin Phoenix,Judith Roberts,Ekaterina Samsonov,John Doman"
Uncle Drew,5.7,"Kyrie Irving,Lil Rel Howery,Shaquille O'Neal,Chris Webber"
Only Lovers Left Alive,7.3,"Tilda Swinton,Tom Hiddleston,Mia Wasikowska,John Hurt"
Nacho Libre,5.7,"Jack Black,Ana de la Reguera,Héctor Jiménez,Darius Rose"
The Maze Runner,6.8,"Dylan O'Brien,Kaya Scodelario,Will Poulter,Thomas Brodie-Sangster"
Shoplifters,8.0,"Lily Franky,Sakura Andô,Kirin Kiki,Mayu Matsuoka"
Barry Lyndon,8.1,"Ryan O'Neal,Marisa Berenson,Patrick Magee,Hardy Krüger"
The Hitman's Bodyguard,6.9,"Ryan Reynolds,Samuel L. Jackson,Gary Oldman,Elodie Yung"
Warrior,8.2,"Tom Hardy,Nick Nolte,Joel Edgerton,Jennifer Morrison"
The Babysitter,6.3,"Judah Lewis,Samara Weaving,Robbie Amell,Hana Mae Lee"
Cars,7.1,"Owen Wilson,Bonnie Hunt,Paul Newman,Larry the Cable Guy"
Harry Potter and the Order of the Phoenix,7.5,"Daniel Radcliffe,Emma Watson,Rupert Grint,Brendan Gleeson"
The Purge,5.7,"Ethan Hawke,Lena Headey,Max Burkholder,Adelaide Kane"
Ocean's Eleven,7.8,"George Clooney,Brad Pitt,Julia Roberts,Matt Damon"
Kingsman: The Great Game,,"Aaron Taylor-Johnson,Matthew Goode,Gemma Arterton,Charles Dance"
Drive Angry,5.4,"Nicolas Cage,Amber Heard,William Fichtner,Billy Burke"
American Hustle,7.2,"Christian Bale,Amy Adams,Bradley Cooper,Jennifer Lawrence"
The Head Hunter,5.1,"Christopher Rygh,Cora Kaufman"
Legends of the Fall,7.5,"Brad Pitt,Anthony Hopkins,Aidan Quinn,Julia Ormond"
Close,5.6,"Noomi Rapace,Olivia Jewson,Abdellatif Chaouqi,Sophie Nélisse"
Ghostbusters,5.2,"Melissa McCarthy,Kristen Wiig,Kate McKinnon,Leslie Jones"
Zero Dark Thirty,7.4,"Jessica Chastain,Joel Edgerton,Chris Pratt,Mark Strong"
The Vanishing,5.8,"Gerard Butler,Peter Mullan,Connor Swindells,Søren Malling"
Amélie,8.3,"Audrey Tautou,Mathieu Kassovitz,Rufus,Lorella Cravotta"
Major League,7.2,"Tom Berenger,Charlie Sheen,Corbin Bernsen,Margaret Whitton"
WarGames,7.1,"Matthew Broderick,Ally Sheedy,John Wood,Dabney Coleman"
True Romance,7.9,"Christian Slater,Patricia Arquette,Dennis Hopper,Val Kilmer"
Truth or Dare,5.1,"Lucy Hale,Tyler Posey,Violett Beane,Hayden Szeto"
Napoleon Dynamite,6.9,"Jon Heder,Efren Ramirez,Jon Gries,Aaron Ruell"
Vox Lux,6.0,"Natalie Portman,Jude Law,Stacy Martin,Jennifer Ehle"
Pacific Rim: Uprising,5.6,"John Boyega,Scott Eastwood,Cailee Spaeny,Burn Gorman"
Waiting...,6.8,"Ryan Reynolds,Anna Faris,John Francis Daley,Justin Long"
Ford v. Ferrari,,"Christian Bale,Matt Damon,Jon Bernthal,Caitriona Balfe"
The Lego Movie,7.8,"Chris Pratt,Will Ferrell,Elizabeth Banks,Will Arnett"
Life,6.6,"Jake Gyllenhaal,Rebecca Ferguson,Ryan Reynolds,Hiroyuki Sanada"
District 9,7.9,"Sharlto Copley,David James,Jason Cope,Nathalie Boltt"
The Wolverine,6.7,"Hugh Jackman,Will Yun Lee,Tao Okamoto,Rila Fukushima"
A.I. Artificial Intelligence,7.1,"Haley Joel Osment,Jude Law,Frances O'Connor,Sam Robards"
Clash of the Titans,5.8,"Sam Worthington,Liam Neeson,Ralph Fiennes,Jason Flemyng"
Trolls,6.5,"Anna Kendrick,Justin Timberlake,Zooey Deschanel,Christopher Mintz-Plasse"
I Feel Pretty,5.4,"Amy Schumer,Michelle Williams,Emily Ratajkowski,Tom Hopper"
Alice in Wonderland,6.5,"Mia Wasikowska,Johnny Depp,Helena Bonham Carter,Anne Hathaway"
Lion,8.1,"Dev Patel,Nicole Kidman,Rooney Mara,Sunny Pawar"
The Faculty,6.5,"Jordana Brewster,Clea DuVall,Laura Harris,Josh Hartnett"
"Where'd You Go, Bernadette",,"Cate Blanchett,Kristen Wiig,Laurence Fishburne,Judy Greer"
The Room,3.7,"Tommy Wiseau,Juliette Danielle,Greg Sestero,Philip Haldiman"
There's Something About Mary,7.1,"Cameron Diaz,Matt Dillon,Ben Stiller,Lee Evans"
Z for Zachariah,6.0,"Chiwetel Ejiofor,Chris Pine,Margot Robbie"
The Man Who Killed Don Quixote,6.5,"José Luis Ferrer,Ismael Fritschi,Juan López-Tagle,Adam Driver"
Limitless,7.4,"Bradley Cooper,Anna Friel,Abbie Cornish,Robert De Niro"
Harry Potter and the Deathly Hallows: Part 1,7.7,"Daniel Radcliffe,Emma Watson,Rupert Grint,Bill Nighy"
Stuber,6.1,"Karen Gillan,Dave Bautista,Betty Gilpin,Natalie Morales"
Slaughterhouse Rulez,5.3,"Margot Robbie,Michael Sheen,Asa Butterfield,Simon Pegg"
Skin,6.0,"Jamie Bell,Danielle Macdonald,Daniel Henshall,Bill Camp"
Tangled,7.8,"Mandy Moore,Zachary Levi,Donna Murphy,Ron Perlman"
Vacation,6.1,"Ed Helms,Christina Applegate,Skyler Gisondo,Steele Stebbins"
Badla,8.1,"Amitabh Bachchan,Tapsee Pannu,Amrita Singh,Begonia Villalba"
Shrek 2,7.2,"Mike Myers,Eddie Murphy,Cameron Diaz,Julie Andrews"
Conan the Barbarian,6.9,"Arnold Schwarzenegger,James Earl Jones,Max von Sydow,Sandahl Bergman"
Pride and Prejudice and Zombies,5.8,"Lily James,Sam Riley,Jack Huston,Bella Heathcote"
Rocky,8.1,"Sylvester Stallone,Talia Shire,Burt Young,Carl Weathers"
The Great Wall,6.0,"Matt Damon,Tian Jing,Willem Dafoe,Andy Lau"
White Heat,8.2,"James Cagney,Virginia Mayo,Edmond O'Brien,Margaret Wycherly"
The Old Man & the Gun,6.8,"Robert Redford,Casey Affleck,Sissy Spacek,Danny Glover"
The Mask,6.9,"Jim Carrey,Cameron Diaz,Peter Riegert,Peter Greene"
The Rock,7.4,"Sean Connery,Nicolas Cage,Ed Harris,John Spencer"
Legion,5.2,"Paul Bettany,Dennis Quaid,Charles S. Dutton,Lucas Black"
The Invitation,6.7,"Logan Marshall-Green,Emayatzy Corinealdi,Michiel Huisman,Tammy Blanchard"
Rough Night,5.2,"Scarlett Johansson,Kate McKinnon,Zoë Kravitz,Ilana Glazer"
The Jungle Book,7.4,"Neel Sethi,Bill Murray,Ben Kingsley,Idris Elba"
The Wedding Singer,6.8,"Adam Sandler,Drew Barrymore,Christine Taylor,Allen Covert"
Splice,5.7,"Adrien Brody,Sarah Polley,Delphine Chanéac,Brandon McGibbon"
King of Thieves,5.5,"Michael Caine,Jim Broadbent,Charlie Cox,Michael Gambon"
Them That Follow,6.1,"Kaitlyn Dever,Olivia Colman,Walton Goggins,Lewis Pullman"
Now You See Me,7.3,"Jesse Eisenberg,Common,Mark Ruffalo,Woody Harrelson"
The Hobbit: The Battle of the Five Armies,7.4,"Ian McKellen,Martin Freeman,Richard Armitage,Cate Blanchett"
The Lives of Others,8.4,"Ulrich Mühe,Martina Gedeck,Sebastian Koch,Ulrich Tukur"
Crash,7.8,"Don Cheadle,Sandra Bullock,Thandie Newton,Karina Arroyave"
The Conjuring 2,7.4,"Vera Farmiga,Patrick Wilson,Madison Wolfe,Frances O'Connor"
It Follows,6.9,"Maika Monroe,Keir Gilchrist,Olivia Luccardi,Lili Sepe"
I Remember Mama,8.2,"Irene Dunne,Barbara Bel Geddes,Oskar Homolka,Philip Dorn"
War of the Worlds,6.5,"Tom Cruise,Dakota Fanning,Tim Robbins,Miranda Otto"
Old School,7.1,"Luke Wilson,Vince Vaughn,Will Ferrell,Jeremy Piven"
Pineapple Express,7.0,"Seth Rogen,James Franco,Gary Cole,Danny McBride"
Caligula,5.3,"Malcolm McDowell,Peter O'Toole,Helen Mirren,Teresa Ann Savoy"
The Rocky Horror Picture Show,7.4,"Tim Curry,Susan Sarandon,Barry Bostwick,Richard O'Brien"
Fast & Furious 6,7.1,"Vin Diesel,Paul Walker,Dwayne Johnson,Michelle Rodriguez"
Children of Men,7.9,"Julianne Moore,Clive Owen,Chiwetel Ejiofor,Michael Caine"
Monty Python and the Holy Grail,8.3,"Graham Chapman,John Cleese,Eric Idle,Terry Gilliam"
Malèna,7.5,"Monica Bellucci,Giuseppe Sulfaro,Luciano Federico,Matilde Piana"
National Lampoon's Animal House,7.5,"John Belushi,Karen Allen,Tom Hulce,Stephen Furst"
Sister Act 2: Back in the Habit,5.5,"Whoopi Goldberg,Kathy Najimy,Maggie Smith,Barnard Hughes"
The Circle,5.3,"Emma Watson,Tom Hanks,John Boyega,Ellar Coltrane"
Apocalypto,7.8,"Gerardo Taracena,Raoul Max Trujillo,Dalia Hernández,Rudy Youngblood"
Atonement,7.8,"Keira Knightley,James McAvoy,Brenda Blethyn,Saoirse Ronan"
Mortal Kombat: Annihilation,3.7,"Robin Shou,Talisa Soto,James Remar,Sandra Hess"
War for the Planet of the Apes,7.5,"Andy Serkis,Woody Harrelson,Steve Zahn,Karin Konoval"
Life Itself,6.6,"Oscar Isaac,Olivia Wilde,Annette Bening,Mandy Patinkin"
The Edge of Seventeen,7.3,"Hailee Steinfeld,Haley Lu Richardson,Blake Jenner,Kyra Sedgwick"
Casablanca,8.5,"Humphrey Bogart,Ingrid Bergman,Paul Henreid,Claude Rains"
The Kitchen,,"Elisabeth Moss,Tiffany Haddish,Domhnall Gleeson,Melissa McCarthy"
To the Bone,6.8,"Rebekah Kennedy,Lily Collins,Dana L. Wilson,Ziah Colon"
The House with a Clock in Its Walls,6.0,"Jack Black,Cate Blanchett,Owen Vaccaro,Kyle MacLachlan"
Starship Troopers,7.2,"Casper Van Dien,Denise Richards,Dina Meyer,Jake Busey"
Super 8,7.0,"Elle Fanning,AJ Michalka,Kyle Chandler,Joel Courtney"
Ben Is Back,6.7,"Julia Roberts,Lucas Hedges,Courtney B. Vance,Kathryn Newton"
Kick-Ass 2,6.6,"Aaron Taylor-Johnson,Chloë Grace Moretz,Christopher Mintz-Plasse,Jim Carrey"
